,RMSD,P-VALUE,INF-ALL,INF-WC,INF-NWC,INF-STACK,DI,MCQ,TM-SCORE,GDT-TS,GDT-TS@1,GDT-TS@2,GDT-TS@4,GDT-TS@8,CAD,RASP-ENERGY,RASP-NB-CONTACTS,RASP-NORMALIZED-ENERGY,CLASH,BARNABA-RMSD,BARNABA-eRMSD,BARNABA-eSCORE,DFIRE,rsRNASP,RNA3DCNN,lddt,tm-score-ost,mae_gold,mae_dna
2i82H.pdb,0.0,4.832665634335599e-08,1.0,1.0,1.0,1.0,0.0,,1.0,1.0,1.0,1.0,1.0,1.0,1.0,-8607.94,64197.0,-0.134,,0.0,0.0,1.216,0.0,-4075.652,,,,,
normalized_2i82H_M1.pdb,,,0.489,0.0,0.0,0.759,,,0.0,0.0,0.0,0.0,0.0,0.0,,-7626.27,67723.0,-0.113,,,,1.077,0.0,-4047.428,-151.11509704589844,0.503,0.765,23.247857142857143,27.373502331092713
normalized_2i82H_M10.pdb,,,0.501,0.0,0.0,0.759,,,0.0,0.0,0.0,0.0,0.0,0.0,,-7762.95,68910.0,-0.113,,,,1.109,0.0,-4129.395,-151.59503173828125,0.909,0.828,23.355,28.265998608948752
normalized_2i82H_M100.pdb,,,0.303,0.0,0.0,0.467,,,0.0,0.0,0.0,0.0,0.0,0.0,,-5143.93,68200.0,-0.075,,,,0.458,0.0,-3442.529,-154.37599182128906,0.771,0.304,56.261428571428574,55.6146891421959
normalized_2i82H_M101.pdb,,,0.261,0.0,0.0,0.408,,,0.0,0.0,0.0,0.0,0.0,0.0,,-4373.2,69085.0,-0.063,,,,0.37,0.0,-3263.389,-150.9866943359375,0.734,0.306,68.63428571428572,63.9466941395744
normalized_2i82H_M102.pdb,,,0.39,0.0,0.0,0.572,,,0.0,0.0,0.0,0.0,0.0,0.0,,-5010.75,67855.0,-0.074,,,,0.448,0.0,-3332.444,-136.8759765625,0.705,0.249,71.00999999999999,70.63173478548644
normalized_2i82H_M103.pdb,,,0.377,0.0,0.0,0.602,,,0.0,0.0,0.0,0.0,0.0,0.0,,-4493.1,68015.0,-0.066,,,,0.458,0.0,-3013.693,-160.7300262451172,0.719,0.263,62.341428571428565,66.98968346392522
normalized_2i82H_M104.pdb,,,0.431,0.0,0.0,0.645,,,0.0,0.0,0.0,0.0,0.0,0.0,,-5495.28,67933.0,-0.081,,,,0.513,0.0,-3438.758,-134.08937072753906,0.795,0.396,58.22357142857143,59.52488482741059
normalized_2i82H_M105.pdb,,,0.383,0.0,0.0,0.596,,,0.0,0.0,0.0,0.0,0.0,0.0,,-5631.93,70458.0,-0.08,,,,0.592,0.0,-3362.97,-150.53057861328125,0.759,0.317,57.768571428571434,59.54887200652576
normalized_2i82H_M106.pdb,,,0.301,0.218,0.0,0.365,,,0.0,0.0,0.0,0.0,0.0,0.0,,-4592.82,68480.0,-0.067,,,,0.28,0.0,-3043.924,-143.68580627441406,0.722,0.291,63.906428571428584,63.25848873326036
normalized_2i82H_M107.pdb,,,0.377,0.0,0.0,0.572,,,0.0,0.0,0.0,0.0,0.0,0.0,,-4791.27,68438.0,-0.07,,,,0.463,0.0,-3086.581,-153.07708740234375,0.749,0.369,64.3207142857143,66.23780190514736
normalized_2i82H_M108.pdb,,,0.334,0.0,,0.516,,,0.0,0.0,0.0,0.0,0.0,0.0,,-4832.04,67398.0,-0.072,,,,0.379,0.0,-3068.686,-155.99099731445312,0.742,0.319,56.119285714285716,57.76813615267394
normalized_2i82H_M109.pdb,,,0.478,0.0,0.0,0.716,,,0.0,0.0,0.0,0.0,0.0,0.0,,-5543.55,67368.0,-0.082,,,,0.45,0.0,-3152.39,-141.60484313964844,0.79,0.438,62.614285714285714,63.122144661575064
normalized_2i82H_M11.pdb,,,0.501,0.0,0.0,0.759,,,0.0,0.0,0.0,0.0,0.0,0.0,,-7778.88,68087.0,-0.114,,,,0.977,0.0,-4059.557,-145.0660400390625,0.87,0.794,20.36714285714286,25.815986489467935
normalized_2i82H_M110.pdb,,,0.431,0.0,0.0,0.645,,,0.0,0.0,0.0,0.0,0.0,0.0,,-5656.38,69271.0,-0.082,,,,0.575,0.0,-3442.664,-155.3385009765625,0.804,0.322,60.99,68.01972002748583
normalized_2i82H_M111.pdb,,,0.446,0.0,0.0,0.653,,,0.0,0.0,0.0,0.0,0.0,0.0,,-4470.01,69191.0,-0.065,,,,0.405,0.0,-3062.044,-145.97085571289062,0.74,0.423,60.54142857142857,65.98715075508493
normalized_2i82H_M112.pdb,,,0.393,0.0,0.0,0.623,,,0.0,0.0,0.0,0.0,0.0,0.0,,-5453.82,67376.0,-0.081,,,,0.437,0.0,-3418.807,-146.14187622070312,0.771,0.346,57.89071428571429,62.072533110321544
normalized_2i82H_M113.pdb,,,0.209,0.0,,0.316,,,0.0,0.0,0.0,0.0,0.0,0.0,,-3509.0,72466.0,-0.048,,,,0.229,0.0,-2892.086,-164.9474334716797,0.659,0.292,58.8,56.381308052188054
normalized_2i82H_M114.pdb,,,0.365,0.0,0.0,0.572,,,0.0,0.0,0.0,0.0,0.0,0.0,,-4547.63,70915.0,-0.064,,,,0.491,0.0,-3334.609,-139.7658233642578,0.746,0.279,66.82000000000001,67.78570305871182
normalized_2i82H_M115.pdb,,,0.417,0.0,0.0,0.596,,,0.0,0.0,0.0,0.0,0.0,0.0,,-4462.33,68259.0,-0.065,,,,0.369,0.0,-3072.89,-142.0839080810547,0.763,0.377,48.51642857142857,51.995070041593955
normalized_2i82H_M116.pdb,,,0.361,0.0,,0.516,,,0.0,0.0,0.0,0.0,0.0,0.0,,-3932.12,68874.0,-0.057,,,,0.342,0.0,-3053.811,-130.98716735839844,0.695,0.254,65.99499999999999,67.2740695578153
normalized_2i82H_M117.pdb,,,0.279,0.0,0.0,0.456,,,0.0,0.0,0.0,0.0,0.0,0.0,,-4015.3,69484.0,-0.058,,,,0.451,0.0,-3240.538,-152.57028198242188,0.713,0.266,62.95214285714285,64.98415264067103
normalized_2i82H_M118.pdb,,,0.334,0.0,0.0,0.516,,,0.0,0.0,0.0,0.0,0.0,0.0,,-3501.69,68890.0,-0.051,,,,0.354,0.0,-3015.414,-165.7975311279297,0.704,0.3,74.57,69.02701577983919
normalized_2i82H_M119.pdb,,,0.221,0.0,0.0,0.346,,,0.0,0.0,0.0,0.0,0.0,0.0,,-3889.66,69732.0,-0.056,,,,0.325,0.0,-3015.843,-155.22100830078125,0.687,0.257,68.20857142857143,67.6983504185911
normalized_2i82H_M12.pdb,,,0.501,0.0,0.0,0.759,,,0.0,0.0,0.0,0.0,0.0,0.0,,-7524.27,67752.0,-0.111,,,,1.055,0.0,-4041.952,-153.61932373046875,0.924,0.819,27.428571428571427,34.4798839944308
normalized_2i82H_M120.pdb,,,0.405,0.218,0.0,0.516,,,0.0,0.0,0.0,0.0,0.0,0.0,,-4366.74,70017.0,-0.062,,,,0.318,0.0,-2730.307,-147.23822021484375,0.705,0.312,71.4842857142857,68.38791024254971
normalized_2i82H_M121.pdb,,,0.323,0.0,0.0,0.49,,,0.0,0.0,0.0,0.0,0.0,0.0,,-1825.25,66762.0,-0.027,,,,0.363,0.0,-3027.399,-157.42274475097656,0.683,0.318,64.86428571428571,63.29147779746134
normalized_2i82H_M122.pdb,,,0.313,0.0,0.0,0.516,,,0.0,0.0,0.0,0.0,0.0,0.0,,-3636.85,68891.0,-0.053,,,,0.264,0.0,-2864.763,-149.64195251464844,0.682,0.256,67.78785714285713,65.62827830705486
normalized_2i82H_M123.pdb,,,0.347,0.0,0.0,0.516,,,0.0,0.0,0.0,0.0,0.0,0.0,,-3413.63,68180.0,-0.05,,,,0.288,0.0,-2955.889,-149.09938049316406,0.702,0.308,66.825,68.69098807788285
normalized_2i82H_M124.pdb,,,0.334,0.0,0.0,0.516,,,0.0,0.0,0.0,0.0,0.0,0.0,,-4076.06,66932.0,-0.061,,,,0.328,0.0,-3052.788,-134.9057159423828,0.698,0.26,68.16071428571429,71.5906557114398
normalized_2i82H_M125.pdb,,,0.215,0.0,0.0,0.365,,,0.0,0.0,0.0,0.0,0.0,0.0,,-3964.94,69596.0,-0.057,,,,0.324,0.0,-3250.278,-138.5761260986328,0.72,0.284,71.85857142857144,73.65764858683602
normalized_2i82H_M126.pdb,,,0.365,0.0,0.0,0.572,,,0.0,0.0,0.0,0.0,0.0,0.0,,-4292.52,68282.0,-0.063,,,,0.29,0.0,-2877.387,-149.60702514648438,0.699,0.315,68.80857142857144,73.90334908532314
normalized_2i82H_M127.pdb,,,0.365,0.0,0.0,0.572,,,0.0,0.0,0.0,0.0,0.0,0.0,,-3518.85,68970.0,-0.051,,,,0.467,0.0,-3291.398,-153.44290161132812,0.742,0.329,67.72142857142858,63.77228713113753
normalized_2i82H_M128.pdb,,,0.279,0.0,0.0,0.488,,,0.0,0.0,0.0,0.0,0.0,0.0,,-4576.06,69405.0,-0.066,,,,0.407,0.0,-3213.317,-155.40940856933594,0.72,0.268,58.083571428571425,62.82433741209937
normalized_2i82H_M129.pdb,,,0.323,0.0,0.0,0.49,,,0.0,0.0,0.0,0.0,0.0,0.0,,-4082.21,69605.0,-0.059,,,,0.388,0.0,-3172.393,-137.0799102783203,0.716,0.38,66.45142857142856,68.80347757183137
normalized_2i82H_M13.pdb,,,0.489,0.0,0.0,0.759,,,0.0,0.0,0.0,0.0,0.0,0.0,,-7633.07,67559.0,-0.113,,,,0.979,0.0,-3993.017,-138.1398468017578,0.924,0.697,36.32857142857143,40.45514250583336
normalized_2i82H_M130.pdb,,,0.289,0.0,0.0,0.43,,,0.0,0.0,0.0,0.0,0.0,0.0,,-4436.05,67706.0,-0.066,,,,0.377,0.0,-3184.68,-151.81910705566406,0.723,0.307,68.90285714285716,72.28015847753306
normalized_2i82H_M131.pdb,,,0.365,0.0,0.0,0.572,,,0.0,0.0,0.0,0.0,0.0,0.0,,-4551.68,70083.0,-0.065,,,,0.5,0.0,-3326.434,-163.8390350341797,0.712,0.278,58.81214285714286,56.66891382561355
normalized_2i82H_M132.pdb,,,0.347,0.0,0.0,0.516,,,0.0,0.0,0.0,0.0,0.0,0.0,,-3810.88,70814.0,-0.054,,,,0.325,0.0,-2953.473,-152.2362823486328,0.738,0.322,63.78857142857144,66.73601028567455
normalized_2i82H_M133.pdb,,,0.377,0.0,0.0,0.545,,,0.0,0.0,0.0,0.0,0.0,0.0,,-4765.91,68938.0,-0.069,,,,0.425,0.0,-3095.447,-151.5948944091797,0.713,0.282,57.16857142857143,53.25522818018179
normalized_2i82H_M134.pdb,,,0.301,0.0,0.0,0.456,,,0.0,0.0,0.0,0.0,0.0,0.0,,-3988.21,69562.0,-0.057,,,,0.273,0.0,-3007.025,-147.1918182373047,0.705,0.254,67.68,73.95270896661476
normalized_2i82H_M135.pdb,,,0.361,0.0,,0.548,,,0.0,0.0,0.0,0.0,0.0,0.0,,-3171.48,69804.0,-0.045,,,,0.344,0.0,-2763.802,-143.39349365234375,0.539,0.225,64.78857142857143,66.9613233409944
normalized_2i82H_M136.pdb,,,0.301,0.0,0.0,0.43,,,0.0,0.0,0.0,0.0,0.0,0.0,,-3886.93,66349.0,-0.059,,,,0.33,0.0,-2944.749,-155.20404052734375,0.694,0.265,61.03714285714286,62.48330006208577
normalized_2i82H_M137.pdb,,,0.431,0.0,,0.653,,,0.0,0.0,0.0,0.0,0.0,0.0,,-4220.51,69897.0,-0.06,,,,0.243,0.0,-3017.907,-151.81346130371094,0.693,0.252,68.81214285714286,68.25744027935092
normalized_2i82H_M138.pdb,,,0.289,0.0,0.0,0.456,,,0.0,0.0,0.0,0.0,0.0,0.0,,-4304.96,67862.0,-0.063,,,,0.443,0.0,-2966.809,-149.14796447753906,0.715,0.245,71.07571428571428,77.8742600425345
normalized_2i82H_M139.pdb,,,0.347,0.0,0.0,0.516,,,0.0,0.0,0.0,0.0,0.0,0.0,,-4702.44,66925.0,-0.07,,,,0.351,0.0,-3115.536,-152.30516052246094,0.748,0.296,61.17428571428571,62.880289915741464
normalized_2i82H_M14.pdb,,,0.533,0.0,0.0,0.8,,,0.0,0.0,0.0,0.0,0.0,0.0,,-7953.28,67983.0,-0.117,,,,1.083,0.0,-4150.343,-152.0096893310547,0.94,0.782,22.040714285714284,26.716663704543816
normalized_2i82H_M140.pdb,,,0.279,0.0,0.0,0.408,,,0.0,0.0,0.0,0.0,0.0,0.0,,-2524.63,69877.0,-0.036,,,,0.346,0.0,-2818.076,-153.22047424316406,0.692,0.277,69.69785714285715,72.39896260871262
normalized_2i82H_M141.pdb,,,0.334,0.0,0.0,0.516,,,0.0,0.0,0.0,0.0,0.0,0.0,,-3819.23,68043.0,-0.056,,,,0.344,0.0,-2997.633,-147.6980743408203,0.683,0.22,71.22857142857143,73.7882170567747
normalized_2i82H_M142.pdb,,,0.139,0.0,0.0,0.231,,,0.0,0.0,0.0,0.0,0.0,0.0,,-3681.33,68663.0,-0.054,,,,0.336,0.0,-3075.782,-158.75794982910156,0.717,0.242,68.50928571428571,69.20104300702205
normalized_2i82H_M143.pdb,,,0.289,0.218,0.0,0.344,,,0.0,0.0,0.0,0.0,0.0,0.0,,-3237.94,71126.0,-0.046,,,,0.21,0.0,-3078.944,-167.5431671142578,0.677,0.23,67.28857142857143,65.90858901602323
normalized_2i82H_M144.pdb,,,0.313,0.0,,0.467,,,0.0,0.0,0.0,0.0,0.0,0.0,,-4854.87,68213.0,-0.071,,,,0.413,0.0,-3172.97,-163.0968475341797,0.751,0.302,63.705000000000005,66.28281363190197
normalized_2i82H_M145.pdb,,,0.278,0.0,,0.39,,,0.0,0.0,0.0,0.0,0.0,0.0,,-2797.95,67525.0,-0.041,,,,0.296,0.0,-2714.164,-141.45057678222656,0.679,0.287,70.10357142857143,68.621730935769
normalized_2i82H_M146.pdb,,,0.314,0.0,0.0,0.488,,,0.0,0.0,0.0,0.0,0.0,0.0,,-1783.59,70231.0,-0.025,,,,0.201,0.0,-2830.49,-154.985595703125,0.662,0.254,70.91785714285714,70.83570956245796
normalized_2i82H_M147.pdb,,,0.405,0.0,0.0,0.602,,,0.0,0.0,0.0,0.0,0.0,0.0,,-4093.18,71509.0,-0.057,,,,0.321,0.0,-3138.173,-142.91677856445312,0.708,0.249,66.21714285714286,71.10298016032235
normalized_2i82H_M148.pdb,,,0.303,0.0,0.0,0.467,,,0.0,0.0,0.0,0.0,0.0,0.0,,-4210.94,72674.0,-0.058,,,,0.4,0.0,-3172.162,-160.51467895507812,0.734,0.302,67.26642857142856,73.75971942964148
normalized_2i82H_M149.pdb,,,0.365,0.0,0.0,0.572,,,0.0,0.0,0.0,0.0,0.0,0.0,,-4380.6,68619.0,-0.064,,,,0.432,0.0,-3127.504,-158.8566131591797,0.713,0.297,71.81714285714287,71.82892247809738
normalized_2i82H_M15.pdb,,,0.501,0.0,0.0,0.759,,,0.0,0.0,0.0,0.0,0.0,0.0,,-8071.8,67419.0,-0.12,,,,1.038,0.0,-4080.23,-149.7456817626953,0.945,0.784,24.303571428571427,27.9831328907951
normalized_2i82H_M150.pdb,,,0.323,0.0,,0.467,,,0.0,0.0,0.0,0.0,0.0,0.0,,-3283.16,69420.0,-0.047,,,,0.421,0.0,-2971.737,-148.23846435546875,0.678,0.274,64.48357142857144,65.9067925562624
normalized_2i82H_M151.pdb,,,0.39,0.0,0.0,0.602,,,0.0,0.0,0.0,0.0,0.0,0.0,,-3095.87,67712.0,-0.046,,,,0.312,0.0,-2943.722,-138.43833923339844,0.688,0.241,68.31357142857142,66.23971637037934
normalized_2i82H_M152.pdb,,,0.139,0.267,0.0,0.105,,,0.0,0.0,0.0,0.0,0.0,0.0,,-2090.47,70214.0,-0.03,,,,0.263,0.0,-2759.929,-166.8524169921875,0.63,0.215,64.85285714285715,64.95336770855013
normalized_2i82H_M153.pdb,,,0.377,0.0,,0.545,,,0.0,0.0,0.0,0.0,0.0,0.0,,-3091.42,67355.0,-0.046,,,,0.453,0.0,-2867.694,-157.86517333984375,0.704,0.282,60.44499999999999,58.3169964211886
normalized_2i82H_M154.pdb,,,0.251,0.0,0.0,0.365,,,0.0,0.0,0.0,0.0,0.0,0.0,,-4247.73,69088.0,-0.061,,,,0.274,0.0,-3202.806,-154.84368896484375,0.714,0.332,65.60571428571428,65.57894160161254
normalized_2i82H_M155.pdb,,,0.295,0.0,,0.422,,,0.0,0.0,0.0,0.0,0.0,0.0,,-2021.18,70825.0,-0.029,,,,0.287,0.0,-2879.374,-149.8894500732422,0.646,0.174,79.26857142857142,78.2735463314369
normalized_2i82H_M156.pdb,,,0.236,0.0,0.0,0.346,,,0.0,0.0,0.0,0.0,0.0,0.0,,-1014.81,66601.0,-0.015,,,,0.112,0.0,-2462.329,-149.64662170410156,0.594,0.228,74.03285714285714,72.34172308874912
normalized_2i82H_M157.pdb,,,0.269,0.0,0.0,0.43,,,0.0,0.0,0.0,0.0,0.0,0.0,,-4137.26,69765.0,-0.059,,,,0.285,0.0,-3275.408,-151.11631774902344,0.695,0.31,60.79785714285715,59.90276867600738
normalized_2i82H_M158.pdb,,,0.231,0.0,0.0,0.344,,,0.0,0.0,0.0,0.0,0.0,0.0,,-3850.03,68859.0,-0.056,,,,0.311,0.0,-3117.945,-150.55105590820312,0.684,0.202,65.76642857142856,63.85704223757884
normalized_2i82H_M159.pdb,,,0.313,0.0,0.0,0.467,,,0.0,0.0,0.0,0.0,0.0,0.0,,-2638.92,70230.0,-0.038,,,,0.379,0.0,-3065.097,-144.11802673339844,0.678,0.197,68.52071428571428,72.67214627500441
normalized_2i82H_M16.pdb,,,0.489,0.0,0.0,0.733,,,0.0,0.0,0.0,0.0,0.0,0.0,,-7331.61,67542.0,-0.109,,,,0.873,0.0,-3835.866,-148.39279174804688,0.907,0.761,30.429285714285715,34.65355981920585
normalized_2i82H_M160.pdb,,,0.209,0.0,,0.316,,,0.0,0.0,0.0,0.0,0.0,0.0,,-416.75,70380.0,-0.006,,,,0.302,0.0,-2594.634,-152.53321838378906,0.469,0.214,72.46285714285713,74.91459111072977
normalized_2i82H_M161.pdb,,,0.289,0.0,0.0,0.456,,,0.0,0.0,0.0,0.0,0.0,0.0,,-3791.69,67666.0,-0.056,,,,0.315,0.0,-3056.922,-144.83331298828125,0.696,0.286,68.33500000000001,67.34072817818064
normalized_2i82H_M162.pdb,,,0.301,0.189,0.0,0.39,,,0.0,0.0,0.0,0.0,0.0,0.0,,-2502.0,68438.0,-0.037,,,,0.215,0.0,-2894.908,-143.80990600585938,0.657,0.264,70.84142857142857,69.61310206553974
normalized_2i82H_M163.pdb,,,0.074,0.0,0.0,0.149,,,0.0,0.0,0.0,0.0,0.0,0.0,,-1579.56,74441.0,-0.021,,,,0.173,0.0,-2599.833,-181.31539916992188,0.605,0.235,64.34142857142858,62.999494552612305
normalized_2i82H_M164.pdb,,,0.241,0.0,0.0,0.39,,,0.0,0.0,0.0,0.0,0.0,0.0,,-2629.44,73267.0,-0.036,,,,0.226,0.0,-2862.086,-159.3680419921875,0.667,0.219,58.013571428571424,65.37837771431344
normalized_2i82H_M165.pdb,,,0.314,0.218,0.0,0.422,,,0.0,0.0,0.0,0.0,0.0,0.0,,-2162.31,69351.0,-0.031,,,,0.297,0.0,-2805.712,-149.72337341308594,0.669,0.246,65.86928571428572,70.46368288759327
normalized_2i82H_M166.pdb,,,0.241,0.0,0.0,0.365,,,0.0,0.0,0.0,0.0,0.0,0.0,,-3208.46,66015.0,-0.049,,,,0.378,0.0,-2642.684,-156.85604858398438,0.675,0.265,71.07714285714285,75.90266137670298
normalized_2i82H_M167.pdb,,,0.269,0.0,0.0,0.456,,,0.0,0.0,0.0,0.0,0.0,0.0,,-4119.34,68219.0,-0.06,,,,0.358,0.0,-3102.165,-155.84786987304688,0.659,0.214,73.075,80.46938979977467
normalized_2i82H_M168.pdb,,,0.264,0.0,,0.39,,,0.0,0.0,0.0,0.0,0.0,0.0,,-1932.72,68506.0,-0.028,,,,0.307,0.0,-2796.267,-153.49453735351562,0.622,0.165,70.15214285714285,67.24284179562429
normalized_2i82H_M169.pdb,,,0.139,0.0,0.0,0.231,,,0.0,0.0,0.0,0.0,0.0,0.0,,-2219.92,66607.0,-0.033,,,,0.363,0.0,-2882.891,-148.87322998046875,0.662,0.276,68.51928571428572,65.6004026881984
normalized_2i82H_M17.pdb,,,0.455,0.0,0.0,0.69,,,0.0,0.0,0.0,0.0,0.0,0.0,,-7261.81,68213.0,-0.106,,,,0.789,0.0,-3913.737,-148.6742706298828,0.672,0.669,28.655714285714282,33.0349910736084
normalized_2i82H_M170.pdb,,,0.323,0.0,0.0,0.49,,,0.0,0.0,0.0,0.0,0.0,0.0,,-2910.79,70942.0,-0.041,,,,0.479,0.0,-2869.258,-160.91014099121094,0.651,0.16,62.747857142857136,65.25353045229052
normalized_2i82H_M171.pdb,,,0.181,0.0,0.0,0.293,,,0.0,0.0,0.0,0.0,0.0,0.0,,-3099.23,69159.0,-0.045,,,,0.271,0.0,-3093.991,-146.9446563720703,0.672,0.251,70.63785714285714,73.34287196300069
normalized_2i82H_M172.pdb,,,0.07,0.0,0.0,0.105,,,0.0,0.0,0.0,0.0,0.0,0.0,,-1858.3,65526.0,-0.028,,,,0.176,0.0,-2661.891,-159.74598693847656,0.611,0.198,70.49857142857142,76.25611321496183
normalized_2i82H_M173.pdb,,,0.139,0.0,0.0,0.231,,,0.0,0.0,0.0,0.0,0.0,0.0,,-2241.06,66032.0,-0.034,,,,0.148,0.0,-2658.044,-152.70611572265625,0.613,0.255,75.28642857142857,77.60770869645916
normalized_2i82H_M174.pdb,,,0.383,0.0,0.0,0.596,,,0.0,0.0,0.0,0.0,0.0,0.0,,-5264.93,67609.0,-0.078,,,,0.563,0.0,-3218.159,-147.49273681640625,0.75,0.32,64.30714285714286,60.54157426552695
normalized_2i82H_M175.pdb,,,0.279,0.0,0.0,0.43,,,0.0,0.0,0.0,0.0,0.0,0.0,,-2791.8,69188.0,-0.04,,,,0.397,0.0,-3040.336,-145.38241577148438,0.706,0.239,71.19142857142856,73.812322791678
normalized_2i82H_M176.pdb,,,0.241,0.0,0.0,0.365,,,0.0,0.0,0.0,0.0,0.0,0.0,,-3078.99,69613.0,-0.044,,,,0.237,0.0,-2754.166,-146.8796844482422,0.639,0.186,66.67214285714284,65.28278292671578
normalized_2i82H_M177.pdb,,,0.241,0.0,0.0,0.39,,,0.0,0.0,0.0,0.0,0.0,0.0,,-2727.12,68259.0,-0.04,,,,0.274,0.0,-2983.674,-156.44927978515625,0.68,0.267,65.65857142857143,67.39351105611833
normalized_2i82H_M178.pdb,,,0.198,0.0,0.0,0.316,,,0.0,0.0,0.0,0.0,0.0,0.0,,-2953.18,67795.0,-0.044,,,,0.181,0.0,-2609.55,-149.76185607910156,0.647,0.285,68.96071428571429,69.59741246583032
normalized_2i82H_M179.pdb,,,0.289,0.0,0.0,0.456,,,0.0,0.0,0.0,0.0,0.0,0.0,,-4000.37,67534.0,-0.059,,,,0.327,0.0,-2892.894,-155.4143524169922,0.703,0.299,66.05857142857143,63.25038452773798
normalized_2i82H_M18.pdb,,,0.501,0.0,0.0,0.759,,,0.0,0.0,0.0,0.0,0.0,0.0,,-7322.19,68013.0,-0.108,,,,0.82,0.0,-3809.853,-146.86956787109375,0.675,0.709,30.612857142857138,35.90721502460417
normalized_2i82H_M180.pdb,,,0.173,0.0,0.0,0.293,,,0.0,0.0,0.0,0.0,0.0,0.0,,-1686.07,67684.0,-0.025,,,,0.207,0.0,-2588.513,-159.49684143066406,0.638,0.253,72.51285714285714,72.01674835330151
normalized_2i82H_M181.pdb,,,0.221,0.0,0.0,0.346,,,0.0,0.0,0.0,0.0,0.0,0.0,,-1408.79,64610.0,-0.022,,,,0.161,0.0,-2739.692,-149.26995849609375,0.617,0.201,72.66,71.07064566065054
normalized_2i82H_M182.pdb,,,0.189,0.0,0.0,0.316,,,0.0,0.0,0.0,0.0,0.0,0.0,,-2370.91,70735.0,-0.034,,,,0.294,0.0,-2808.616,-137.31509399414062,0.634,0.235,65.11142857142858,66.91993642713203
normalized_2i82H_M183.pdb,,,0.251,0.0,,0.365,,,0.0,0.0,0.0,0.0,0.0,0.0,,-2537.62,66039.0,-0.038,,,,0.231,0.0,-2785.654,-160.10702514648438,0.635,0.203,69.04785714285715,68.1057047671959
normalized_2i82H_M184.pdb,,,0.198,0.0,0.0,0.293,,,0.0,0.0,0.0,0.0,0.0,0.0,,-1826.7,72252.0,-0.025,,,,0.348,0.0,-2767.596,-157.66207885742188,0.64,0.235,71.29071428571429,71.84801772696072
normalized_2i82H_M185.pdb,,,0.334,0.0,0.0,0.49,,,0.0,0.0,0.0,0.0,0.0,0.0,,-2613.2,69476.0,-0.038,,,,0.297,0.0,-2756.185,-150.05523681640625,0.676,0.243,62.69714285714284,63.99867830745509
normalized_2i82H_M186.pdb,,,0.221,0.0,,0.293,,,0.0,0.0,0.0,0.0,0.0,0.0,,-2249.73,69061.0,-0.033,,,,0.255,0.0,-2977.55,-162.8581085205078,0.651,0.216,70.00928571428571,68.83820700098256
normalized_2i82H_M187.pdb,,,0.33,0.0,0.0,0.488,,,0.0,0.0,0.0,0.0,0.0,0.0,,-3010.04,72719.0,-0.041,,,,0.202,0.0,-2966.613,-156.68609619140625,0.632,0.216,66.55142857142857,68.94237114953214
normalized_2i82H_M188.pdb,,,0.264,0.0,,0.39,,,0.0,0.0,0.0,0.0,0.0,0.0,,-2789.28,69484.0,-0.04,,,,0.321,0.0,-2913.076,-144.2919921875,0.679,0.281,73.35,78.24922137025926
normalized_2i82H_M189.pdb,,,0.251,0.0,0.0,0.39,,,0.0,0.0,0.0,0.0,0.0,0.0,,-2243.71,70212.0,-0.032,,,,0.227,0.0,-2762.392,-153.4480743408203,0.631,0.136,70.31142857142858,70.83283231766498
normalized_2i82H_M19.pdb,,,0.522,0.0,0.0,0.8,,,0.0,0.0,0.0,0.0,0.0,0.0,,-7929.28,67637.0,-0.117,,,,1.108,0.0,-4117.073,-149.6800994873047,0.925,0.686,29.863571428571426,32.87930409791039
normalized_2i82H_M190.pdb,,,0.478,0.0,0.0,0.69,,,0.0,0.0,0.0,0.0,0.0,0.0,,-3919.68,71667.0,-0.055,,,,0.379,0.0,-3025.668,-158.65528869628906,0.726,0.298,68.21857142857144,68.2050241126389
normalized_2i82H_M191.pdb,,,0.198,0.218,0.0,0.211,,,0.0,0.0,0.0,0.0,0.0,0.0,,-1720.9,67139.0,-0.026,,,,0.178,0.0,-2627.614,-139.56112670898438,0.613,0.166,68.64428571428572,68.0207305220307
normalized_2i82H_M192.pdb,,,0.264,0.189,0.0,0.346,,,0.0,0.0,0.0,0.0,0.0,0.0,,-1249.47,67707.0,-0.018,,,,0.32,0.0,-2847.813,-152.16871643066406,0.633,0.194,75.09571428571427,75.2895375048528
normalized_2i82H_M193.pdb,,,0.189,0.0,0.0,0.293,,,0.0,0.0,0.0,0.0,0.0,0.0,,-1412.22,70147.0,-0.02,,,,0.292,0.0,-2712.049,-164.28318786621094,0.638,0.248,64.27857142857142,62.71598824047651
normalized_2i82H_M194.pdb,,,0.181,0.0,0.0,0.293,,,0.0,0.0,0.0,0.0,0.0,0.0,,-2470.79,69952.0,-0.035,,,,0.264,0.0,-2865.881,-156.36856079101562,0.673,0.242,66.48571428571428,66.56424287264466
normalized_2i82H_M195.pdb,,,0.241,0.0,0.0,0.39,,,0.0,0.0,0.0,0.0,0.0,0.0,,-3132.03,69415.0,-0.045,,,,0.278,0.0,-2682.849,-149.43544006347656,0.668,0.197,63.94928571428572,67.75744624528728
normalized_2i82H_M196.pdb,,,0.132,0.0,0.0,0.211,,,0.0,0.0,0.0,0.0,0.0,0.0,,-1093.29,75493.0,-0.014,,,,0.242,0.0,-2878.547,-160.6536407470703,0.635,0.158,68.80857142857144,74.68857373722264
normalized_2i82H_M197.pdb,,,0.231,0.0,0.0,0.365,,,0.0,0.0,0.0,0.0,0.0,0.0,,-3175.68,70355.0,-0.045,,,,0.226,0.0,-3017.34,-144.08262634277344,0.657,0.193,73.52428571428571,69.06662209307561
normalized_2i82H_M198.pdb,,,0.377,0.189,0.0,0.516,,,0.0,0.0,0.0,0.0,0.0,0.0,,-3382.64,71923.0,-0.047,,,,0.319,0.0,-2795.189,-146.26846313476562,0.669,0.26,64.18571428571428,62.21909588047715
normalized_2i82H_M199.pdb,,,0.158,0.0,,0.258,,,0.0,0.0,0.0,0.0,0.0,0.0,,-1240.66,72378.0,-0.017,,,,0.174,0.0,-2707.238,-156.9171600341797,0.616,0.204,71.255,73.64615515411877
normalized_2i82H_M2.pdb,,,0.489,0.0,0.0,0.759,,,0.0,0.0,0.0,0.0,0.0,0.0,,-7866.1,67524.0,-0.116,,,,1.1,0.0,-4046.783,-152.0723419189453,0.534,0.78,21.215714285714284,27.992963140518942
normalized_2i82H_M20.pdb,,,0.466,0.0,0.0,0.716,,,0.0,0.0,0.0,0.0,0.0,0.0,,-7122.81,67493.0,-0.106,,,,0.737,0.0,-3669.294,-144.3285369873047,0.894,0.721,31.619285714285713,28.556675626410808
normalized_2i82H_M200.pdb,,,0.255,0.0,,0.346,,,0.0,0.0,0.0,0.0,0.0,0.0,,-1655.32,72428.0,-0.023,,,,0.132,0.0,-2847.712,-147.89942932128906,0.625,0.182,65.24000000000001,65.8551766880223
normalized_2i82H_M201.pdb,,,0.139,0.0,,0.211,,,0.0,0.0,0.0,0.0,0.0,0.0,,-2373.59,70749.0,-0.034,,,,0.233,0.0,-2765.371,-163.6278533935547,0.641,0.22,64.99499999999999,65.88766755276039
normalized_2i82H_M202.pdb,,,0.323,0.0,0.0,0.49,,,0.0,0.0,0.0,0.0,0.0,0.0,,-4444.63,68525.0,-0.065,,,,0.497,0.0,-3169.988,-148.95925903320312,0.718,0.285,66.42285714285715,68.14271122041295
normalized_2i82H_M203.pdb,,,0.347,0.189,0.0,0.488,,,0.0,0.0,0.0,0.0,0.0,0.0,,-1442.82,67655.0,-0.021,,,,0.374,0.0,-2800.667,-162.26187133789062,0.622,0.256,64.08071428571428,66.93678823377265
normalized_2i82H_M204.pdb,,,0.251,0.0,0.0,0.39,,,0.0,0.0,0.0,0.0,0.0,0.0,,-1465.38,63244.0,-0.023,,,,0.238,0.0,-2558.103,-154.86581420898438,0.562,0.179,72.73285714285714,72.70932476481453
normalized_2i82H_M205.pdb,,,0.173,0.0,0.0,0.293,,,0.0,0.0,0.0,0.0,0.0,0.0,,252.399,72535.0,0.003,,,,0.293,0.0,-2917.458,-172.22679138183594,0.596,0.182,74.78999999999999,72.5532615474013
normalized_2i82H_M206.pdb,,,0.147,0.0,,0.231,,,0.0,0.0,0.0,0.0,0.0,0.0,,-2612.58,70653.0,-0.037,,,,0.353,0.0,-2722.142,-156.4815216064453,0.651,0.296,68.23214285714286,69.9929301465144
normalized_2i82H_M207.pdb,,,0.278,0.0,,0.39,,,0.0,0.0,0.0,0.0,0.0,0.0,,-3029.14,67254.0,-0.045,,,,0.337,0.0,-2780.399,-160.8427734375,0.646,0.213,68.47642857142857,65.06579480405713
normalized_2i82H_M208.pdb,,,0.264,0.0,,0.365,,,0.0,0.0,0.0,0.0,0.0,0.0,,-1531.36,69898.0,-0.022,,,,0.286,0.0,-2603.23,-145.12559509277344,0.638,0.225,65.92428571428572,66.82837166082663
normalized_2i82H_M209.pdb,,,0.264,0.0,0.0,0.422,,,0.0,0.0,0.0,0.0,0.0,0.0,,-1436.05,72292.0,-0.02,,,,0.308,0.0,-2853.673,-140.21990966796875,0.597,0.204,75.48071428571428,75.63424893363577
normalized_2i82H_M21.pdb,,,0.533,0.0,0.0,0.8,,,0.0,0.0,0.0,0.0,0.0,0.0,,-7651.52,68231.0,-0.112,,,,0.87,0.0,-4021.906,-148.63548278808594,0.918,0.659,35.07642857142857,30.70461775357606
normalized_2i82H_M210.pdb,,,0.334,0.0,0.0,0.516,,,0.0,0.0,0.0,0.0,0.0,0.0,,-2446.47,71035.0,-0.034,,,,0.279,0.0,-2897.817,-143.82814025878906,0.641,0.219,70.27642857142858,71.60058375499287
normalized_2i82H_M211.pdb,,,0.221,0.0,0.0,0.316,,,0.0,0.0,0.0,0.0,0.0,0.0,,-1904.64,66071.0,-0.029,,,,0.223,0.0,-2718.645,-156.5184326171875,0.641,0.187,65.9992857142857,64.96884133385831
normalized_2i82H_M212.pdb,,,0.209,0.218,0.0,0.231,,,0.0,0.0,0.0,0.0,0.0,0.0,,-2573.3,68837.0,-0.037,,,,0.209,0.0,-2496.304,-144.78001403808594,0.622,0.223,67.02642857142858,65.20534538519188
normalized_2i82H_M213.pdb,,,0.361,0.378,0.0,0.422,,,0.0,0.0,0.0,0.0,0.0,0.0,,-3581.27,68952.0,-0.052,,,,0.189,0.0,-2574.731,-146.28155517578125,0.645,0.199,67.91928571428572,71.32768263895004
normalized_2i82H_M214.pdb,,,0.158,0.0,0.0,0.231,,,0.0,0.0,0.0,0.0,0.0,0.0,,-1743.25,66636.0,-0.026,,,,0.227,0.0,-2700.85,-166.78579711914062,0.621,0.222,74.23214285714286,71.4272593326256
normalized_2i82H_M215.pdb,,,0.066,0.0,0.0,0.115,,,0.0,0.0,0.0,0.0,0.0,0.0,,-1703.35,72506.0,-0.023,,,,0.309,0.0,-2865.441,-168.79080200195312,0.605,0.196,69.59642857142856,70.45289966395643
normalized_2i82H_M216.pdb,,,0.251,0.0,0.0,0.39,,,0.0,0.0,0.0,0.0,0.0,0.0,,-3236.2,65108.0,-0.05,,,,0.342,0.0,-2707.432,-140.40992736816406,0.643,0.256,69.26071428571429,68.72148554442359
normalized_2i82H_M217.pdb,,,0.255,0.0,,0.346,,,0.0,0.0,0.0,0.0,0.0,0.0,,-2168.17,65991.0,-0.033,,,,0.195,0.0,-2248.662,-158.8146209716797,0.639,0.214,67.27642857142857,70.84452147561996
normalized_2i82H_M218.pdb,,,0.295,0.218,,0.346,,,0.0,0.0,0.0,0.0,0.0,0.0,,-1190.6,69785.0,-0.017,,,,0.298,0.0,-2736.58,-144.64697265625,0.62,0.19,65.85357142857143,64.10915954464771
normalized_2i82H_M219.pdb,,,0.209,0.218,0.0,0.231,,,0.0,0.0,0.0,0.0,0.0,0.0,,37.378,68330.0,0.001,,,,0.199,0.0,-2250.862,-177.78810119628906,0.574,0.183,69.52571428571427,72.17903693152256
normalized_2i82H_M22.pdb,,,0.466,0.0,0.0,0.716,,,0.0,0.0,0.0,0.0,0.0,0.0,,-7688.49,67579.0,-0.114,,,,0.757,0.0,-3993.941,-145.6608123779297,0.923,0.747,33.57,35.924475766791666
normalized_2i82H_M220.pdb,,,0.39,0.0,,0.602,,,0.0,0.0,0.0,0.0,0.0,0.0,,-3302.54,66941.0,-0.049,,,,0.459,0.0,-3129.283,-143.06832885742188,0.709,0.274,64.58214285714286,62.992877128476
normalized_2i82H_M221.pdb,,,0.361,0.378,,0.365,,,0.0,0.0,0.0,0.0,0.0,0.0,,-2571.62,69414.0,-0.037,,,,0.141,0.0,-2876.684,-157.471923828125,0.652,0.203,69.35142857142857,67.50199305424925
normalized_2i82H_M222.pdb,,,0.323,0.189,0.0,0.43,,,0.0,0.0,0.0,0.0,0.0,0.0,,-2890.68,70080.0,-0.041,,,,0.354,0.0,-2788.006,-158.25511169433594,0.661,0.283,65.85785714285714,64.20043545707327
normalized_2i82H_M223.pdb,,,0.209,0.218,0.0,0.258,,,0.0,0.0,0.0,0.0,0.0,0.0,,-1722.22,68960.0,-0.025,,,,0.234,0.0,-2700.264,-160.9059295654297,0.624,0.207,76.57714285714285,79.54058562106772
normalized_2i82H_M224.pdb,,,0.231,0.0,0.0,0.39,,,0.0,0.0,0.0,0.0,0.0,0.0,,-1225.32,71428.0,-0.017,,,,0.247,0.0,-2756.029,-156.53611755371094,0.588,0.148,67.28142857142855,66.66018552311131
normalized_2i82H_M225.pdb,,,0.189,0.0,0.0,0.293,,,0.0,0.0,0.0,0.0,0.0,0.0,,-1858.29,68276.0,-0.027,,,,0.238,0.0,-2947.338,-134.45372009277344,0.641,0.211,64.5957142857143,63.13987125959553
normalized_2i82H_M226.pdb,,,0.139,0.0,0.0,0.211,,,0.0,0.0,0.0,0.0,0.0,0.0,,-3785.05,66520.0,-0.057,,,,0.332,0.0,-2939.316,-140.26632690429688,0.684,0.224,69.67785714285714,70.95000634740612
normalized_2i82H_M227.pdb,,,0.139,0.0,0.0,0.258,,,0.0,0.0,0.0,0.0,0.0,0.0,,-385.306,72515.0,-0.005,,,,0.147,0.0,-2426.882,-151.8835906982422,0.567,0.14,72.13642857142857,68.94365008619964
normalized_2i82H_M228.pdb,,,0.251,0.0,0.0,0.39,,,0.0,0.0,0.0,0.0,0.0,0.0,,-1873.6,67691.0,-0.028,,,,0.209,0.0,-2366.659,-143.41856384277344,0.625,0.177,69.34214285714286,68.95251361659315
normalized_2i82H_M229.pdb,,,0.264,0.218,0.0,0.316,,,0.0,0.0,0.0,0.0,0.0,0.0,,-2918.2,69723.0,-0.042,,,,0.196,0.0,-2625.002,-152.97506713867188,0.638,0.178,68.15071428571429,66.15413818984736
normalized_2i82H_M23.pdb,,,0.513,0.0,0.0,0.759,,,0.0,0.0,0.0,0.0,0.0,0.0,,-7204.58,68125.0,-0.106,,,,0.855,0.0,-3848.245,-142.82861328125,0.902,0.68,36.71785714285714,39.247723782648805
normalized_2i82H_M230.pdb,,,0.251,0.0,0.0,0.39,,,0.0,0.0,0.0,0.0,0.0,0.0,,-2167.53,74169.0,-0.029,,,,0.356,0.0,-2834.156,-153.74899291992188,0.646,0.225,71.09785714285715,70.10430287220439
normalized_2i82H_M231.pdb,,,0.334,0.189,0.0,0.43,,,0.0,0.0,0.0,0.0,0.0,0.0,,-3248.66,67327.0,-0.048,,,,0.252,0.0,-2709.752,-132.959716796875,0.675,0.244,65.65928571428572,69.31576775097457
normalized_2i82H_M232.pdb,,,0.396,0.0,,0.548,,,0.0,0.0,0.0,0.0,0.0,0.0,,-2010.8,66425.0,-0.03,,,,0.316,0.0,-2320.126,-155.3017578125,0.654,0.252,66.74142857142857,73.86083933720823
normalized_2i82H_M233.pdb,,,0.158,0.0,,0.211,,,0.0,0.0,0.0,0.0,0.0,0.0,,-943.961,71800.0,-0.013,,,,0.223,0.0,-2527.626,-148.93588256835938,0.602,0.306,69.70785714285714,67.39090255362088
normalized_2i82H_M234.pdb,,,0.198,0.0,,0.316,,,0.0,0.0,0.0,0.0,0.0,0.0,,-570.8,75778.0,-0.008,,,,0.285,0.0,-3006.888,-161.2577667236328,0.614,0.154,76.51499999999999,82.48490386087387
normalized_2i82H_M235.pdb,,,0.301,0.218,0.0,0.39,,,0.0,0.0,0.0,0.0,0.0,0.0,,-47.409,71231.0,-0.001,,,,0.24,0.0,-2779.364,-161.8472442626953,0.586,0.148,67.53785714285713,68.69185520234655
normalized_2i82H_M236.pdb,,,0.209,0.0,0.0,0.346,,,0.0,0.0,0.0,0.0,0.0,0.0,,-677.749,67828.0,-0.01,,,,0.155,0.0,-2645.94,-147.31777954101562,0.587,0.216,70.01071428571429,72.69258409718998
normalized_2i82H_M237.pdb,,,0.279,0.0,0.0,0.456,,,0.0,0.0,0.0,0.0,0.0,0.0,,-2412.04,71058.0,-0.034,,,,0.407,0.0,-2988.712,-144.7239227294922,0.638,0.162,69.71357142857143,74.34202964032282
normalized_2i82H_M238.pdb,,,0.147,0.218,0.0,0.129,,,0.0,0.0,0.0,0.0,0.0,0.0,,-402.344,69892.0,-0.006,,,,0.258,0.0,-2474.677,-148.03878784179688,0.584,0.164,75.53714285714287,74.48081031549172
normalized_2i82H_M239.pdb,,,0.264,0.0,0.0,0.422,,,0.0,0.0,0.0,0.0,0.0,0.0,,-1831.38,70475.0,-0.026,,,,0.312,0.0,-3016.279,-171.32192993164062,0.636,0.193,67.13071428571428,70.20873309901503
normalized_2i82H_M24.pdb,,,0.489,0.0,0.0,0.759,,,0.0,0.0,0.0,0.0,0.0,0.0,,-6790.6,67397.0,-0.101,,,,0.809,0.0,-3702.952,-140.11990356445312,0.63,0.566,38.463571428571434,41.27842866866315
normalized_2i82H_M240.pdb,,,0.251,0.0,,0.365,,,0.0,0.0,0.0,0.0,0.0,0.0,,-2146.86,70519.0,-0.03,,,,0.254,0.0,-2711.487,-144.62518310546875,0.629,0.227,70.66785714285714,70.57754314610216
normalized_2i82H_M241.pdb,,,0.251,0.0,0.0,0.365,,,0.0,0.0,0.0,0.0,0.0,0.0,,-724.055,63149.0,-0.011,,,,0.205,0.0,-2240.812,-138.28123474121094,0.574,0.197,71.76642857142856,72.17611492344591
normalized_2i82H_M242.pdb,,,0.074,0.0,0.0,0.115,,,0.0,0.0,0.0,0.0,0.0,0.0,,1304.92,72540.0,0.018,,,,0.202,0.0,-2636.079,-181.1704559326172,0.534,0.15,78.21571428571428,79.88999832028249
normalized_2i82H_M243.pdb,,,0.198,0.218,0.0,0.211,,,0.0,0.0,0.0,0.0,0.0,0.0,,-2220.14,72931.0,-0.03,,,,0.228,0.0,-2730.321,-160.10865783691406,0.592,0.153,73.825,75.20539017348993
normalized_2i82H_M244.pdb,,,0.139,0.0,0.0,0.258,,,0.0,0.0,0.0,0.0,0.0,0.0,,-485.928,75390.0,-0.006,,,,0.182,0.0,-2508.688,-158.81834411621094,0.592,0.238,71.61142857142858,71.13176383972167
normalized_2i82H_M245.pdb,,,0.241,0.0,0.0,0.39,,,0.0,0.0,0.0,0.0,0.0,0.0,,731.462,72931.0,0.01,,,,0.218,0.0,-2815.322,-165.1912078857422,0.551,0.178,75.97642857142857,71.05816139471335
normalized_2i82H_M246.pdb,,,0.139,0.0,,0.211,,,0.0,0.0,0.0,0.0,0.0,0.0,,-2196.24,70448.0,-0.031,,,,0.216,0.0,-2717.626,-153.05348205566406,0.619,0.212,72.03285714285714,73.08507672294242
normalized_2i82H_M247.pdb,,,0.209,0.0,,0.346,,,0.0,0.0,0.0,0.0,0.0,0.0,,-946.448,71880.0,-0.013,,,,0.187,0.0,-2811.931,-150.7102508544922,0.601,0.187,72.42928571428573,68.86083239570993
normalized_2i82H_M248.pdb,,,0.251,0.0,0.0,0.365,,,0.0,0.0,0.0,0.0,0.0,0.0,,-1582.86,71744.0,-0.022,,,,0.162,0.0,-2620.252,-155.4256134033203,0.611,0.165,75.18571428571428,75.47914091641786
normalized_2i82H_M249.pdb,,,0.33,0.436,0.0,0.316,,,0.0,0.0,0.0,0.0,0.0,0.0,,-1172.5,67805.0,-0.017,,,,0.212,0.0,-2652.348,-156.6739959716797,0.59,0.149,69.99857142857142,74.3724606435807
normalized_2i82H_M25.pdb,,,0.431,0.0,0.0,0.671,,,0.0,0.0,0.0,0.0,0.0,0.0,,-6663.75,67934.0,-0.098,,,,0.56,0.0,-3384.536,-140.73858642578125,0.877,0.623,38.613571428571426,40.733906273763694
normalized_2i82H_M250.pdb,,,0.139,0.0,0.0,0.195,,,0.0,0.0,0.0,0.0,0.0,0.0,,516.612,70929.0,0.007,,,,0.225,0.0,-2549.83,-163.67691040039062,0.554,0.13,71.51214285714286,71.39825590164935
normalized_2i82H_M251.pdb,,,0.198,0.0,0.0,0.316,,,0.0,0.0,0.0,0.0,0.0,0.0,,-1278.95,68380.0,-0.019,,,,0.208,0.0,-2476.237,-140.68865966796875,0.588,0.196,72.22714285714285,73.31957689504154
normalized_2i82H_M252.pdb,,,0.139,0.0,0.0,0.258,,,0.0,0.0,0.0,0.0,0.0,0.0,,-609.742,74501.0,-0.008,,,,0.182,0.0,-2686.221,-155.04200744628906,0.588,0.147,73.09714285714286,76.25768218118635
normalized_2i82H_M253.pdb,,,0.264,0.0,0.0,0.39,,,0.0,0.0,0.0,0.0,0.0,0.0,,-1485.15,70321.0,-0.021,,,,0.214,0.0,-2715.55,-160.6741943359375,0.623,0.18,74.16285714285713,78.27431783832488
normalized_2i82H_M254.pdb,,,0.198,0.0,0.0,0.293,,,0.0,0.0,0.0,0.0,0.0,0.0,,-800.484,68913.0,-0.012,,,,0.225,0.0,-2427.533,-139.29930114746094,0.561,0.149,71.66928571428572,75.70154916106677
normalized_2i82H_M255.pdb,,,0.269,0.189,0.0,0.365,,,0.0,0.0,0.0,0.0,0.0,0.0,,-3008.32,65261.0,-0.046,,,,0.289,0.0,-2830.856,-137.5108184814453,0.647,0.25,64.03428571428572,61.631303199392846
normalized_2i82H_M256.pdb,,,0.093,0.0,,0.129,,,0.0,0.0,0.0,0.0,0.0,0.0,,-793.581,67669.0,-0.012,,,,0.191,0.0,-2700.766,-138.8554229736328,0.546,0.119,71.56714285714285,70.85860226115244
normalized_2i82H_M257.pdb,,,0.231,0.0,0.0,0.344,,,0.0,0.0,0.0,0.0,0.0,0.0,,-911.559,77295.0,-0.012,,,,0.144,0.0,-2515.906,-169.5181121826172,0.609,0.221,72.81571428571428,79.51520490177342
normalized_2i82H_M258.pdb,,,0.264,0.0,0.0,0.39,,,0.0,0.0,0.0,0.0,0.0,0.0,,-2388.32,67699.0,-0.035,,,,0.275,0.0,-2590.453,-156.4223175048828,0.619,0.212,69.5007142857143,71.48482253903248
normalized_2i82H_M259.pdb,,,0.301,0.0,0.0,0.488,,,0.0,0.0,0.0,0.0,0.0,0.0,,-2546.58,70770.0,-0.036,,,,0.314,0.0,-2873.332,-156.1337890625,0.663,0.228,72.70357142857142,71.13903612856005
normalized_2i82H_M26.pdb,,,0.431,0.0,0.0,0.645,,,0.0,0.0,0.0,0.0,0.0,0.0,,-7195.87,68173.0,-0.106,,,,0.746,0.0,-3744.227,-147.1396484375,0.411,0.537,39.16928571428572,42.21398636239474
normalized_2i82H_M260.pdb,,,0.264,0.0,,0.422,,,0.0,0.0,0.0,0.0,0.0,0.0,,-820.403,70072.0,-0.012,,,,0.261,0.0,-2824.226,-157.53221130371094,0.577,0.174,75.1907142857143,74.27245486525239
normalized_2i82H_M261.pdb,,,0.066,0.0,0.0,0.098,,,0.0,0.0,0.0,0.0,0.0,0.0,,-1107.06,67361.0,-0.016,,,,0.286,0.0,-2157.755,-144.56292724609375,0.594,0.214,72.65428571428572,72.28074657877939
normalized_2i82H_M262.pdb,,,0.221,0.0,0.0,0.346,,,0.0,0.0,0.0,0.0,0.0,0.0,,-869.539,67737.0,-0.013,,,,0.15,0.0,-2470.035,-150.0850372314453,0.59,0.272,62.98785714285715,64.7717448187656
normalized_2i82H_M263.pdb,,,0.315,0.0,,0.422,,,0.0,0.0,0.0,0.0,0.0,0.0,,-1578.32,68819.0,-0.023,,,,0.23,0.0,-2726.49,-166.98361206054688,0.621,0.263,72.76857142857142,72.93631404814174
normalized_2i82H_M264.pdb,,,0.251,0.0,0.0,0.39,,,0.0,0.0,0.0,0.0,0.0,0.0,,-1152.06,67810.0,-0.017,,,,0.232,0.0,-2681.784,-141.99044799804688,0.619,0.226,73.80857142857143,78.06609431407492
normalized_2i82H_M265.pdb,,,0.209,0.0,0.0,0.293,,,0.0,0.0,0.0,0.0,0.0,0.0,,445.099,73290.0,0.006,,,,0.176,0.0,-2491.152,-148.2344970703125,0.54,0.098,72.83571428571429,71.29372936936676
normalized_2i82H_M266.pdb,,,0.264,0.0,0.0,0.39,,,0.0,0.0,0.0,0.0,0.0,0.0,,-398.866,72224.0,-0.006,,,,0.205,0.0,-2434.487,-172.822509765625,0.576,0.179,74.90357142857142,73.77020945939861
normalized_2i82H_M267.pdb,,,0.209,0.0,0.0,0.316,,,0.0,0.0,0.0,0.0,0.0,0.0,,469.766,73586.0,0.006,,,,0.214,0.0,-2604.112,-169.8651885986328,0.563,0.189,75.73928571428571,73.31774746629058
normalized_2i82H_M268.pdb,,,0.295,0.0,0.0,0.422,,,0.0,0.0,0.0,0.0,0.0,0.0,,-695.235,70087.0,-0.01,,,,0.193,0.0,-2514.266,-164.15557861328125,0.57,0.204,79.87357142857142,82.72998002474425
normalized_2i82H_M269.pdb,,,0.147,0.0,0.0,0.231,,,0.0,0.0,0.0,0.0,0.0,0.0,,-1829.48,69871.0,-0.026,,,,0.258,0.0,-2701.209,-160.64584350585938,0.623,0.172,77.70357142857142,79.06460874588763
normalized_2i82H_M27.pdb,,,0.501,0.0,0.0,0.759,,,0.0,0.0,0.0,0.0,0.0,0.0,,-6901.75,67337.0,-0.102,,,,0.851,0.0,-3815.706,-147.55995178222656,0.888,0.5,40.76428571428571,46.718483215081896
normalized_2i82H_M270.pdb,,,0.189,0.189,0.0,0.231,,,0.0,0.0,0.0,0.0,0.0,0.0,,-2013.21,66675.0,-0.03,,,,0.274,0.0,-2842.368,-150.27378845214844,0.607,0.214,72.47357142857143,76.88485326923308
normalized_2i82H_M271.pdb,,,0.198,0.0,0.0,0.316,,,0.0,0.0,0.0,0.0,0.0,0.0,,-2413.03,73363.0,-0.033,,,,0.275,0.0,-2801.374,-166.34344482421875,0.638,0.21,75.77857142857142,72.0234434972044
normalized_2i82H_M272.pdb,,,0.132,0.0,0.0,0.211,,,0.0,0.0,0.0,0.0,0.0,0.0,,776.611,73432.0,0.011,,,,0.126,0.0,-2616.329,-170.4444580078125,0.557,0.17,68.71714285714286,69.72502369489825
normalized_2i82H_M273.pdb,,,0.334,0.218,0.0,0.43,,,0.0,0.0,0.0,0.0,0.0,0.0,,-3218.07,69620.0,-0.046,,,,0.266,0.0,-2878.798,-157.44874572753906,0.649,0.252,76.62071428571429,71.03104556349457
normalized_2i82H_M274.pdb,,,0.07,0.0,0.0,0.115,,,0.0,0.0,0.0,0.0,0.0,0.0,,-685.445,73666.0,-0.009,,,,0.24,0.0,-2491.892,-168.51382446289062,0.567,0.161,76.49071428571428,80.01750127448409
normalized_2i82H_M275.pdb,,,0.132,0.0,0.0,0.211,,,0.0,0.0,0.0,0.0,0.0,0.0,,-1950.35,70124.0,-0.028,,,,0.252,0.0,-2791.115,-162.34498596191406,0.582,0.212,63.95857142857143,63.829650047177175
normalized_2i82H_M276.pdb,,,0.173,0.0,0.0,0.293,,,0.0,0.0,0.0,0.0,0.0,0.0,,-1462.56,74666.0,-0.02,,,,0.264,0.0,-2630.425,-171.78807067871094,0.591,0.214,67.54428571428572,66.39795665428286
normalized_2i82H_M277.pdb,,,0.301,0.0,0.0,0.456,,,0.0,0.0,0.0,0.0,0.0,0.0,,-710.579,71540.0,-0.01,,,,0.273,0.0,-2891.787,-153.74517822265625,0.61,0.181,73.99357142857143,74.82633428729949
normalized_2i82H_M278.pdb,,,0.241,0.0,0.0,0.39,,,0.0,0.0,0.0,0.0,0.0,0.0,,-7.153,75950.0,-0.0,,,,0.295,0.0,-2630.92,-176.38267517089844,0.562,0.134,73.48785714285714,74.96480717268146
normalized_2i82H_M279.pdb,,,0.198,0.0,0.0,0.316,,,0.0,0.0,0.0,0.0,0.0,0.0,,-2023.89,66390.0,-0.03,,,,0.27,0.0,-2945.406,-132.26351928710938,0.653,0.277,71.00642857142859,71.4165201218402
normalized_2i82H_M28.pdb,,,0.533,0.0,0.0,0.8,,,0.0,0.0,0.0,0.0,0.0,0.0,,-7213.27,67925.0,-0.106,,,,0.807,0.0,-3758.473,-151.70370483398438,0.881,0.55,39.15571428571428,38.18873980787934
normalized_2i82H_M280.pdb,,,0.289,0.0,0.0,0.456,,,0.0,0.0,0.0,0.0,0.0,0.0,,-1199.07,72306.0,-0.017,,,,0.409,0.0,-2981.434,-150.48614501953125,0.572,0.136,73.475,72.52982080803544
normalized_2i82H_M281.pdb,,,0.066,0.267,0.0,0.0,,,0.0,0.0,0.0,0.0,0.0,0.0,,-2020.37,67608.0,-0.03,,,,0.208,0.0,-2575.768,-140.45863342285156,0.598,0.225,76.17285714285715,77.14742850006606
normalized_2i82H_M282.pdb,,,0.231,0.0,,0.344,,,0.0,0.0,0.0,0.0,0.0,0.0,,-2634.7,67439.0,-0.039,,,,0.353,0.0,-2724.602,-163.65679931640625,0.65,0.236,74.39928571428571,75.68603836434787
normalized_2i82H_M283.pdb,,,0.066,0.0,0.0,0.115,,,0.0,0.0,0.0,0.0,0.0,0.0,,93.276,74675.0,0.001,,,,0.167,0.0,-2416.522,-166.90184020996094,0.564,0.152,77.38142857142857,76.38718433692806
normalized_2i82H_M284.pdb,,,0.278,0.0,0.0,0.39,,,0.0,0.0,0.0,0.0,0.0,0.0,,-1127.75,70617.0,-0.016,,,,0.309,0.0,-2878.639,-146.54977416992188,0.66,0.174,70.12357142857144,70.07222225626961
normalized_2i82H_M285.pdb,,,0.147,0.0,0.0,0.231,,,0.0,0.0,0.0,0.0,0.0,0.0,,-1441.14,63919.0,-0.023,,,,0.289,0.0,-2564.668,-155.91543579101562,0.576,0.22,66.98285714285714,72.5610547237709
normalized_2i82H_M286.pdb,,,0.231,0.0,0.0,0.39,,,0.0,0.0,0.0,0.0,0.0,0.0,,-2952.46,70523.0,-0.042,,,,0.287,0.0,-3078.066,-148.2598114013672,0.682,0.184,77.08500000000001,76.62387119355749
normalized_2i82H_M287.pdb,,,0.079,0.0,0.0,0.129,,,0.0,0.0,0.0,0.0,0.0,0.0,,-511.528,66223.0,-0.008,,,,0.214,0.0,-2512.185,-137.063232421875,0.566,0.22,79.94285714285714,86.45179418970326
normalized_2i82H_M288.pdb,,,0.198,0.0,0.0,0.316,,,0.0,0.0,0.0,0.0,0.0,0.0,,-3278.35,69340.0,-0.047,,,,0.27,0.0,-2892.162,-157.32762145996094,0.642,0.233,63.65285714285714,67.04129502968709
normalized_2i82H_M289.pdb,,,0.209,0.218,0.0,0.231,,,0.0,0.0,0.0,0.0,0.0,0.0,,-1119.92,69808.0,-0.016,,,,0.2,0.0,-2513.181,-152.50726318359375,0.604,0.198,73.52,74.67860724652401
normalized_2i82H_M29.pdb,,,0.501,0.0,0.0,0.759,,,0.0,0.0,0.0,0.0,0.0,0.0,,-7347.48,68171.0,-0.108,,,,0.975,0.0,-3895.75,-149.14324951171875,0.9,0.667,42.40857142857143,43.30289331029673
normalized_2i82H_M290.pdb,,,0.209,0.0,0.0,0.316,,,0.0,0.0,0.0,0.0,0.0,0.0,,-2268.37,68397.0,-0.033,,,,0.257,0.0,-2743.647,-168.37362670898438,0.636,0.236,68.23,70.095328828155
normalized_2i82H_M291.pdb,,,0.264,0.0,,0.39,,,0.0,0.0,0.0,0.0,0.0,0.0,,-1648.38,74118.0,-0.022,,,,0.326,0.0,-3028.501,-157.8282012939453,0.596,0.254,65.64928571428572,61.24782226437428
normalized_2i82H_M292.pdb,,,0.147,0.0,0.0,0.231,,,0.0,0.0,0.0,0.0,0.0,0.0,,-709.457,70007.0,-0.01,,,,0.363,0.0,-2585.281,-161.64569091796875,0.465,0.171,73.58357142857143,77.01169895734944
normalized_2i82H_M293.pdb,,,0.301,0.0,0.0,0.456,,,0.0,0.0,0.0,0.0,0.0,0.0,,-2300.44,70672.0,-0.033,,,,0.297,0.0,-2847.867,-141.49227905273438,0.637,0.194,71.54142857142857,74.88130492538703
normalized_2i82H_M294.pdb,,,0.158,0.0,0.0,0.258,,,0.0,0.0,0.0,0.0,0.0,0.0,,-825.229,75261.0,-0.011,,,,0.235,0.0,-2817.796,-152.8682861328125,0.591,0.143,70.21499999999999,74.64171228252474
normalized_2i82H_M295.pdb,,,0.147,0.0,0.0,0.231,,,0.0,0.0,0.0,0.0,0.0,0.0,,-610.099,70596.0,-0.009,,,,0.236,0.0,-2427.121,-157.6182861328125,0.575,0.186,74.08500000000001,71.09988825438452
normalized_2i82H_M296.pdb,,,0.209,0.267,0.0,0.231,,,0.0,0.0,0.0,0.0,0.0,0.0,,189.475,69355.0,0.003,,,,0.158,0.0,-2556.474,-141.83352661132812,0.54,0.159,69.81428571428572,67.12510800596142
normalized_2i82H_M297.pdb,,,0.139,0.0,0.0,0.231,,,0.0,0.0,0.0,0.0,0.0,0.0,,-2300.52,68591.0,-0.034,,,,0.257,0.0,-2940.932,-158.92762756347656,0.612,0.283,70.38642857142857,75.27907073849538
normalized_2i82H_M298.pdb,,,0.301,0.0,,0.43,,,0.0,0.0,0.0,0.0,0.0,0.0,,-825.215,72061.0,-0.011,,,,0.276,0.0,-2606.563,-147.07086181640625,0.591,0.144,77.92285714285715,76.76080748135925
normalized_2i82H_M299.pdb,,,0.264,0.0,,0.39,,,0.0,0.0,0.0,0.0,0.0,0.0,,-1216.96,67705.0,-0.018,,,,0.208,0.0,-2673.691,-161.1892547607422,0.604,0.184,68.97642857142857,70.22613793670155
normalized_2i82H_M3.pdb,,,0.489,0.0,0.0,0.759,,,0.0,0.0,0.0,0.0,0.0,0.0,,-8172.83,67498.0,-0.121,,,,1.152,0.0,-4170.503,-155.85321044921875,0.954,0.876,20.199285714285715,25.9536449182229
normalized_2i82H_M30.pdb,,,0.501,0.0,0.0,0.759,,,0.0,0.0,0.0,0.0,0.0,0.0,,-6766.42,67907.0,-0.1,,,,0.86,0.0,-3776.709,-153.2786102294922,0.561,0.591,52.19357142857143,52.31440617920922
normalized_2i82H_M300.pdb,,,0.221,0.0,0.0,0.346,,,0.0,0.0,0.0,0.0,0.0,0.0,,710.475,69392.0,0.01,,,,0.193,0.0,-2327.259,-160.23182678222656,0.558,0.143,75.71857142857144,74.91162273844735
normalized_2i82H_M301.pdb,,,0.221,0.0,0.0,0.316,,,0.0,0.0,0.0,0.0,0.0,0.0,,398.213,70867.0,0.006,,,,0.246,0.0,-2604.82,-173.72523498535156,0.544,0.196,71.1092857142857,72.88201899919355
normalized_2i82H_M302.pdb,,,0.079,0.0,0.0,0.129,,,0.0,0.0,0.0,0.0,0.0,0.0,,-319.056,68774.0,-0.005,,,,0.166,0.0,-2491.956,-165.69808959960938,0.561,0.137,73.94428571428573,74.0415470123291
normalized_2i82H_M303.pdb,,,0.147,0.0,0.0,0.258,,,0.0,0.0,0.0,0.0,0.0,0.0,,-1666.81,71483.0,-0.023,,,,0.233,0.0,-2724.815,-171.2836151123047,0.598,0.18,72.02428571428572,73.97001957502522
normalized_2i82H_M304.pdb,,,0.132,0.0,0.0,0.211,,,0.0,0.0,0.0,0.0,0.0,0.0,,-598.965,71511.0,-0.008,,,,0.309,0.0,-2945.737,-161.2194061279297,0.588,0.144,72.27857142857142,71.19936040034061
normalized_2i82H_M305.pdb,,,0.209,0.0,,0.316,,,0.0,0.0,0.0,0.0,0.0,0.0,,-293.815,70579.0,-0.004,,,,0.197,0.0,-2434.275,-162.14920043945312,0.617,0.198,69.56642857142856,76.0566192314273
normalized_2i82H_M306.pdb,,,0.139,0.0,0.0,0.231,,,0.0,0.0,0.0,0.0,0.0,0.0,,-360.928,71034.0,-0.005,,,,0.26,0.0,-2593.869,-168.69163513183594,0.571,0.161,65.51428571428572,68.80980864352867
normalized_2i82H_M307.pdb,,,0.158,0.0,0.0,0.231,,,0.0,0.0,0.0,0.0,0.0,0.0,,316.447,69786.0,0.005,,,,0.131,0.0,-2431.454,-159.7117156982422,0.54,0.161,77.09714285714286,78.01483017342989
normalized_2i82H_M308.pdb,,,0.198,0.0,0.0,0.346,,,0.0,0.0,0.0,0.0,0.0,0.0,,-480.881,74450.0,-0.006,,,,0.276,0.0,-2605.266,-161.9627685546875,0.576,0.151,79.17,80.82670840279002
normalized_2i82H_M309.pdb,,,0.209,0.0,0.0,0.316,,,0.0,0.0,0.0,0.0,0.0,0.0,,857.722,69122.0,0.012,,,,0.24,0.0,-2391.797,-161.12046813964844,0.552,0.24,78.63999999999999,76.42206342728412
normalized_2i82H_M31.pdb,,,0.393,0.0,0.0,0.596,,,0.0,0.0,0.0,0.0,0.0,0.0,,-6995.81,68646.0,-0.102,,,,0.762,0.0,-3767.325,-158.11244201660156,0.863,0.613,35.75642857142857,40.215688930574004
normalized_2i82H_M310.pdb,,,0.264,0.0,0.0,0.422,,,0.0,0.0,0.0,0.0,0.0,0.0,,-1679.51,68282.0,-0.025,,,,0.284,0.0,-2462.269,-152.23550415039062,0.591,0.164,75.19785714285715,79.01767810133637
normalized_2i82H_M311.pdb,,,0.079,0.0,0.0,0.129,,,0.0,0.0,0.0,0.0,0.0,0.0,,423.423,63900.0,0.007,,,,0.24,0.0,-2333.799,-171.56309509277344,0.507,0.136,71.75142857142858,74.0963254772249
normalized_2i82H_M312.pdb,,,0.139,0.0,0.0,0.211,,,0.0,0.0,0.0,0.0,0.0,0.0,,434.858,73308.0,0.006,,,,0.314,0.0,-2593.432,-148.83770751953125,0.542,0.143,80.14857142857143,83.34877012284075
normalized_2i82H_M313.pdb,,,0.251,0.0,0.0,0.39,,,0.0,0.0,0.0,0.0,0.0,0.0,,-2319.43,68173.0,-0.034,,,,0.39,0.0,-2807.902,-157.39089965820312,0.653,0.224,76.00428571428571,75.26179560051591
normalized_2i82H_M314.pdb,,,0.198,0.0,0.0,0.293,,,0.0,0.0,0.0,0.0,0.0,0.0,,-689.082,67838.0,-0.01,,,,0.194,0.0,-2561.717,-145.12545776367188,0.592,0.151,74.14714285714285,76.80216058824884
normalized_2i82H_M315.pdb,,,0.085,0.0,0.0,0.129,,,0.0,0.0,0.0,0.0,0.0,0.0,,-1686.81,69797.0,-0.024,,,,0.143,0.0,-2527.07,-174.45205688476562,0.569,0.169,74.79,71.68395017405025
normalized_2i82H_M316.pdb,,,0.147,0.0,,0.231,,,0.0,0.0,0.0,0.0,0.0,0.0,,192.178,67454.0,0.003,,,,0.209,0.0,-2645.021,-145.85475158691406,0.428,0.162,70.99285714285715,75.29550671811963
normalized_2i82H_M317.pdb,,,0.126,0.169,0.0,0.115,,,0.0,0.0,0.0,0.0,0.0,0.0,,-1171.56,68880.0,-0.017,,,,0.225,0.0,-2729.597,-155.04501342773438,0.585,0.156,75.79785714285715,78.15530873908371
normalized_2i82H_M318.pdb,,,0.147,0.0,,0.211,,,0.0,0.0,0.0,0.0,0.0,0.0,,-59.744,65411.0,-0.001,,,,0.187,0.0,-2560.18,-160.19422912597656,0.539,0.18,78.13214285714285,71.95232091809883
normalized_2i82H_M319.pdb,,,0.139,0.0,0.0,0.211,,,0.0,0.0,0.0,0.0,0.0,0.0,,736.653,69391.0,0.011,,,,0.215,0.0,-2440.466,-163.86630249023438,0.556,0.159,73.15,73.76189578322114
normalized_2i82H_M32.pdb,,,0.501,0.0,0.0,0.759,,,0.0,0.0,0.0,0.0,0.0,0.0,,-6550.29,68380.0,-0.096,,,,0.657,0.0,-3495.172,-152.0806884765625,0.845,0.482,47.00642857142857,48.68429958781258
normalized_2i82H_M320.pdb,,,0.074,0.0,0.0,0.129,,,0.0,0.0,0.0,0.0,0.0,0.0,,429.738,67341.0,0.006,,,,0.158,0.0,-2486.409,-157.731201171875,0.521,0.124,72.90071428571429,75.51824176350577
normalized_2i82H_M321.pdb,,,0.132,0.0,0.0,0.211,,,0.0,0.0,0.0,0.0,0.0,0.0,,-508.102,75229.0,-0.007,,,,0.232,0.0,-2349.732,-169.62278747558594,0.605,0.112,79.28071428571428,79.62520301068416
normalized_2i82H_M322.pdb,,,0.209,0.0,0.0,0.316,,,0.0,0.0,0.0,0.0,0.0,0.0,,-1965.02,68444.0,-0.029,,,,0.129,0.0,-2675.363,-148.42645263671875,0.645,0.273,72.09857142857142,71.07144469589485
normalized_2i82H_M323.pdb,,,0.278,0.0,,0.39,,,0.0,0.0,0.0,0.0,0.0,0.0,,209.468,68109.0,0.003,,,,0.295,0.0,-2603.277,-154.65789794921875,0.556,0.168,66.9042857142857,71.049984284698
normalized_2i82H_M324.pdb,,,0.361,0.189,0.0,0.488,,,0.0,0.0,0.0,0.0,0.0,0.0,,-1621.88,71708.0,-0.023,,,,0.206,0.0,-2321.518,-161.5682830810547,0.62,0.117,72.89571428571428,69.87470217220118
normalized_2i82H_M325.pdb,,,0.17,0.267,0.0,0.149,,,0.0,0.0,0.0,0.0,0.0,0.0,,188.155,71769.0,0.003,,,,0.252,0.0,-2453.906,-166.73956298828125,0.524,0.15,73.88071428571428,74.33622080693479
normalized_2i82H_M326.pdb,,,0.147,0.0,0.0,0.231,,,0.0,0.0,0.0,0.0,0.0,0.0,,140.81,66252.0,0.002,,,,0.238,0.0,-2502.829,-157.9167938232422,0.57,0.193,75.27071428571428,81.04573913949436
normalized_2i82H_M327.pdb,,,0.139,0.0,0.0,0.258,,,0.0,0.0,0.0,0.0,0.0,0.0,,-1303.27,71799.0,-0.018,,,,0.274,0.0,-2710.079,-155.70599365234375,0.619,0.173,74.97571428571429,75.6552029281366
normalized_2i82H_M328.pdb,,,0.278,0.0,0.0,0.422,,,0.0,0.0,0.0,0.0,0.0,0.0,,-914.299,65618.0,-0.014,,,,0.237,0.0,-2617.06,-145.3400421142578,0.604,0.236,68.8157142857143,72.68805635170858
normalized_2i82H_M329.pdb,,,0.264,0.0,0.0,0.39,,,0.0,0.0,0.0,0.0,0.0,0.0,,146.385,70735.0,0.002,,,,0.188,0.0,-2567.457,-148.13206481933594,0.593,0.131,79.60071428571429,82.03400805739106
normalized_2i82H_M33.pdb,,,0.501,0.0,0.0,0.759,,,0.0,0.0,0.0,0.0,0.0,0.0,,-6788.92,68906.0,-0.099,,,,0.84,0.0,-3827.135,-143.9092254638672,0.871,0.507,45.08642857142857,50.727557266735644
normalized_2i82H_M330.pdb,,,0.209,0.0,0.0,0.316,,,0.0,0.0,0.0,0.0,0.0,0.0,,2106.91,74837.0,0.028,,,,0.25,0.0,-2621.095,-171.05380249023438,0.532,0.138,73.02,69.7181170791876
normalized_2i82H_M331.pdb,,,0.085,,0.0,0.149,,,0.0,0.0,0.0,0.0,0.0,0.0,,22.045,68466.0,0.0,,,,0.172,0.0,-2466.711,-148.00379943847656,0.538,0.136,76.61428571428571,74.0842444810711
normalized_2i82H_M332.pdb,,,0.301,0.0,0.0,0.456,,,0.0,0.0,0.0,0.0,0.0,0.0,,-2793.04,70351.0,-0.04,,,,0.329,0.0,-2715.659,-154.76478576660156,0.64,0.182,77.05714285714286,78.87762882045057
normalized_2i82H_M333.pdb,,,0.251,0.0,,0.39,,,0.0,0.0,0.0,0.0,0.0,0.0,,175.238,68315.0,0.003,,,,0.231,0.0,-2432.231,-159.59400939941406,0.58,0.209,74.53142857142856,75.97494831397886
normalized_2i82H_M334.pdb,,,0.139,0.0,0.0,0.231,,,0.0,0.0,0.0,0.0,0.0,0.0,,1635.07,71727.0,0.023,,,,0.236,0.0,-2766.595,-160.1111602783203,0.545,0.138,74.96428571428571,77.32260476409411
normalized_2i82H_M335.pdb,,,0.198,0.0,0.0,0.346,,,0.0,0.0,0.0,0.0,0.0,0.0,,1541.38,67765.0,0.023,,,,0.203,0.0,-2391.466,-141.77667236328125,0.503,0.141,80.71714285714286,77.8383620527924
normalized_2i82H_M336.pdb,,,0.147,0.0,0.0,0.211,,,0.0,0.0,0.0,0.0,0.0,0.0,,1401.03,73300.0,0.019,,,,0.205,0.0,-2271.12,-184.6593017578125,0.524,0.126,73.31,76.27407313487569
normalized_2i82H_M337.pdb,,,0.209,0.0,0.0,0.316,,,0.0,0.0,0.0,0.0,0.0,0.0,,-1806.66,72745.0,-0.025,,,,0.277,0.0,-2756.352,-161.02963256835938,0.628,0.251,77.22142857142858,77.61098778521429
normalized_2i82H_M338.pdb,,,0.279,0.0,0.0,0.408,,,0.0,0.0,0.0,0.0,0.0,0.0,,-655.222,72237.0,-0.009,,,,0.238,0.0,-2541.299,-153.2849884033203,0.612,0.198,77.59214285714286,82.11890141846703
normalized_2i82H_M339.pdb,,,0.085,0.0,0.0,0.149,,,0.0,0.0,0.0,0.0,0.0,0.0,,-551.357,61731.0,-0.009,,,,0.171,0.0,-2174.071,-161.87319946289062,0.525,0.18,67.27428571428571,72.14571625131076
normalized_2i82H_M34.pdb,,,0.478,0.0,0.0,0.716,,,0.0,0.0,0.0,0.0,0.0,0.0,,-6939.17,68121.0,-0.102,,,,0.684,0.0,-3643.677,-155.22402954101562,0.859,0.519,48.05928571428572,49.01811632875536
normalized_2i82H_M340.pdb,,,0.085,0.0,0.0,0.129,,,0.0,0.0,0.0,0.0,0.0,0.0,,92.042,70427.0,0.001,,,,0.092,0.0,-2694.076,-169.72409057617188,0.528,0.174,67.77642857142858,67.7777066277676
normalized_2i82H_M341.pdb,,,0.189,0.0,0.0,0.316,,,0.0,0.0,0.0,0.0,0.0,0.0,,-1658.36,74602.0,-0.022,,,,0.278,0.0,-2707.99,-168.37290954589844,0.607,0.169,72.70571428571428,68.49309376575908
normalized_2i82H_M342.pdb,,,0.147,,0.0,0.211,,,0.0,0.0,0.0,0.0,0.0,0.0,,-1191.63,69188.0,-0.017,,,,0.241,0.0,-2393.459,-153.38946533203125,0.59,0.126,70.03285714285714,72.08527633792065
normalized_2i82H_M343.pdb,,,0.126,,0.0,0.172,,,0.0,0.0,0.0,0.0,0.0,0.0,,531.761,69381.0,0.008,,,,0.188,0.0,-2042.507,-164.30909729003906,0.56,0.132,78.15857142857143,79.76964222016882
normalized_2i82H_M344.pdb,,,0.264,0.0,,0.422,,,0.0,0.0,0.0,0.0,0.0,0.0,,-1757.74,68475.0,-0.026,,,,0.211,0.0,-2759.412,-167.89886474609375,0.633,0.251,74.42357142857142,77.18736110124432
normalized_2i82H_M345.pdb,,,0.314,0.0,,0.456,,,0.0,0.0,0.0,0.0,0.0,0.0,,-1848.0,72191.0,-0.026,,,,0.21,0.0,-2615.312,-161.09262084960938,0.621,0.139,69.52642857142857,67.31621312000712
normalized_2i82H_M346.pdb,,,0.074,0.0,0.0,0.115,,,0.0,0.0,0.0,0.0,0.0,0.0,,-862.079,67254.0,-0.013,,,,0.227,0.0,-2567.771,-152.60311889648438,0.569,0.2,80.57642857142858,80.29429852219879
normalized_2i82H_M347.pdb,,,0.361,0.0,0.0,0.548,,,0.0,0.0,0.0,0.0,0.0,0.0,,-2165.8,70477.0,-0.031,,,,0.252,0.0,-2968.275,-175.19972229003906,0.62,0.179,67.34857142857142,69.51276026866475
normalized_2i82H_M348.pdb,,,0.198,0.0,0.0,0.346,,,0.0,0.0,0.0,0.0,0.0,0.0,,-2003.34,63269.0,-0.032,,,,0.428,0.0,-2989.538,-144.22018432617188,0.639,0.198,71.52571428571429,73.74546827097407
normalized_2i82H_M349.pdb,,,0.198,0.0,0.0,0.316,,,0.0,0.0,0.0,0.0,0.0,0.0,,-653.416,65662.0,-0.01,,,,0.23,0.0,-2531.123,-151.9723358154297,0.573,0.28,75.42928571428571,78.19582652732973
normalized_2i82H_M35.pdb,,,0.466,0.0,0.0,0.716,,,0.0,0.0,0.0,0.0,0.0,0.0,,-7085.9,68163.0,-0.104,,,,0.657,0.0,-3671.118,-146.2147979736328,0.888,0.593,31.290714285714284,33.019704706160745
normalized_2i82H_M350.pdb,,,0.314,0.218,0.0,0.39,,,0.0,0.0,0.0,0.0,0.0,0.0,,-1753.12,71341.0,-0.025,,,,0.224,0.0,-2564.416,-164.67518615722656,0.588,0.191,68.67357142857142,68.50635085184065
normalized_2i82H_M351.pdb,,,0.209,0.0,0.0,0.293,,,0.0,0.0,0.0,0.0,0.0,0.0,,834.72,74064.0,0.011,,,,0.252,0.0,-2367.788,-162.70721435546875,0.546,0.17,78.70785714285715,71.30951926434626
normalized_2i82H_M352.pdb,,,0.07,0.0,0.0,0.115,,,0.0,0.0,0.0,0.0,0.0,0.0,,25.97,71263.0,0.0,,,,0.14,0.0,-2187.897,-168.45704650878906,0.528,0.119,69.55214285714285,72.9807954694404
normalized_2i82H_M353.pdb,,,0.085,0.0,,0.129,,,0.0,0.0,0.0,0.0,0.0,0.0,,587.416,68969.0,0.009,,,,0.157,0.0,-2330.372,-161.60755920410156,0.519,0.169,79.37857142857143,79.18689185595903
normalized_2i82H_M354.pdb,,,0.278,0.0,,0.39,,,0.0,0.0,0.0,0.0,0.0,0.0,,818.258,65139.0,0.013,,,,0.197,0.0,-2627.424,-145.59124755859375,0.526,0.159,81.12857142857143,79.29066769334136
normalized_2i82H_M355.pdb,,,0.369,0.0,,0.488,,,0.0,0.0,0.0,0.0,0.0,0.0,,-688.581,71580.0,-0.01,,,,0.234,0.0,-2613.936,-165.07470703125,0.587,0.187,72.74000000000001,75.1917724546839
normalized_2i82H_M356.pdb,,,0.198,0.0,0.0,0.346,,,0.0,0.0,0.0,0.0,0.0,0.0,,-920.153,64559.0,-0.014,,,,0.246,0.0,-2503.851,-141.9709014892578,0.566,0.178,69.20285714285714,69.8842052584789
normalized_2i82H_M357.pdb,,,0.085,0.0,0.0,0.129,,,0.0,0.0,0.0,0.0,0.0,0.0,,1395.35,71394.0,0.02,,,,0.173,0.0,-2281.705,-174.5330810546875,0.511,0.166,75.68571428571428,71.37209178111594
normalized_2i82H_M358.pdb,,,0.158,0.0,,0.231,,,0.0,0.0,0.0,0.0,0.0,0.0,,-604.427,72053.0,-0.008,,,,0.216,0.0,-2560.55,-156.8873748779297,0.567,0.155,70.16214285714285,68.64675876429824
normalized_2i82H_M359.pdb,,,0.251,0.0,0.0,0.39,,,0.0,0.0,0.0,0.0,0.0,0.0,,43.418,70791.0,0.001,,,,0.135,0.0,-2506.663,-160.2440185546875,0.576,0.131,77.71071428571429,78.93952072018483
normalized_2i82H_M36.pdb,,,0.501,0.0,0.0,0.759,,,0.0,0.0,0.0,0.0,0.0,0.0,,-6955.77,68261.0,-0.102,,,,0.775,0.0,-3775.911,-148.45677185058594,0.893,0.631,38.97785714285714,45.05564250633365
normalized_2i82H_M360.pdb,,,0.198,0.218,0.0,0.211,,,0.0,0.0,0.0,0.0,0.0,0.0,,-1841.05,72564.0,-0.025,,,,0.206,0.0,-3101.081,-153.91812133789062,0.621,0.224,65.13857142857144,66.99471334863881
normalized_2i82H_M361.pdb,,,0.236,0.0,0.0,0.346,,,0.0,0.0,0.0,0.0,0.0,0.0,,577.48,72000.0,0.008,,,,0.224,0.0,-2283.406,-167.69830322265625,0.533,0.135,73.38499999999999,79.57473929358311
normalized_2i82H_M362.pdb,,,0.147,0.0,0.0,0.231,,,0.0,0.0,0.0,0.0,0.0,0.0,,-2498.72,69235.0,-0.036,,,,0.312,0.0,-3105.467,-157.0323944091797,0.635,0.239,69.28071428571428,69.35128093156658
normalized_2i82H_M363.pdb,,,0.126,0.0,0.0,0.211,,,0.0,0.0,0.0,0.0,0.0,0.0,,33.231,67255.0,0.0,,,,0.161,0.0,-2408.327,-164.1880340576172,0.534,0.156,65.875,66.91243725761038
normalized_2i82H_M364.pdb,,,0.158,,0.0,0.211,,,0.0,0.0,0.0,0.0,0.0,0.0,,-403.73,68310.0,-0.006,,,,0.185,0.0,-2642.417,-163.9958038330078,0.585,0.18,70.52571428571429,69.01590156555176
normalized_2i82H_M365.pdb,,,0.198,0.0,0.0,0.316,,,0.0,0.0,0.0,0.0,0.0,0.0,,-1880.16,70263.0,-0.027,,,,0.271,0.0,-2596.809,-147.65089416503906,0.603,0.161,72.70285714285716,73.89327002978715
normalized_2i82H_M366.pdb,,,0.251,0.189,,0.293,,,0.0,0.0,0.0,0.0,0.0,0.0,,-399.392,70558.0,-0.006,,,,0.214,0.0,-2773.277,-147.41500854492188,0.595,0.164,69.45357142857142,71.25781743409205
normalized_2i82H_M367.pdb,,,0.132,0.0,0.0,0.211,,,0.0,0.0,0.0,0.0,0.0,0.0,,126.049,71815.0,0.002,,,,0.165,0.0,-2710.096,-149.2192840576172,0.559,0.125,73.58499999999998,77.46533154972263
normalized_2i82H_M368.pdb,,,0.241,0.0,0.0,0.422,,,0.0,0.0,0.0,0.0,0.0,0.0,,-2707.03,71474.0,-0.038,,,,0.317,0.0,-2808.246,-148.46502685546875,0.653,0.215,64.73857142857143,66.26847369709952
normalized_2i82H_M369.pdb,,,0.066,0.0,0.0,0.105,,,0.0,0.0,0.0,0.0,0.0,0.0,,-306.702,73978.0,-0.004,,,,0.195,0.0,-2302.271,-174.4867706298828,0.573,0.17,75.23928571428571,74.97089501677966
normalized_2i82H_M37.pdb,,,0.501,0.0,0.0,0.759,,,0.0,0.0,0.0,0.0,0.0,0.0,,-7161.44,67667.0,-0.106,,,,0.824,0.0,-3718.373,-154.8646240234375,0.893,0.631,37.105,39.84470760783211
normalized_2i82H_M370.pdb,,,0.139,0.0,0.0,0.211,,,0.0,0.0,0.0,0.0,0.0,0.0,,-552.295,66772.0,-0.008,,,,0.18,0.0,-2503.941,-149.3213348388672,0.572,0.174,75.02785714285714,77.38095357300804
normalized_2i82H_M371.pdb,,,0.221,0.267,0.0,0.231,,,0.0,0.0,0.0,0.0,0.0,0.0,,712.49,67142.0,0.011,,,,0.18,0.0,-2546.048,-137.0609588623047,0.538,0.158,77.87857142857143,78.92438929198218
normalized_2i82H_M372.pdb,,,0.347,0.0,0.0,0.516,,,0.0,0.0,0.0,0.0,0.0,0.0,,-1218.14,71471.0,-0.017,,,,0.39,0.0,-2902.392,-169.52040100097656,0.628,0.183,72.21642857142857,74.2071081255303
normalized_2i82H_M373.pdb,,,0.0,0.0,0.0,0.0,,,0.0,0.0,0.0,0.0,0.0,0.0,,-510.409,66059.0,-0.008,,,,0.139,0.0,-2673.835,-136.56475830078125,0.553,0.16,67.64642857142857,70.02972025011408
normalized_2i82H_M374.pdb,,,0.295,0.0,,0.39,,,0.0,0.0,0.0,0.0,0.0,0.0,,-1146.29,67561.0,-0.017,,,,0.216,0.0,-2665.345,-142.25552368164062,0.594,0.208,70.94142857142856,69.4022063270944
normalized_2i82H_M375.pdb,,,0.093,0.0,0.0,0.149,,,0.0,0.0,0.0,0.0,0.0,0.0,,-303.05,68803.0,-0.004,,,,0.162,0.0,-2181.242,-171.8326416015625,0.559,0.22,74.10357142857143,71.26503993175069
normalized_2i82H_M376.pdb,,,0.158,0.0,,0.258,,,0.0,0.0,0.0,0.0,0.0,0.0,,-17.578,68148.0,-0.0,,,,0.201,0.0,-2489.958,-167.5570831298828,0.552,0.128,75.19285714285714,75.10756159923118
normalized_2i82H_M377.pdb,,,0.198,0.0,0.0,0.293,,,0.0,0.0,0.0,0.0,0.0,0.0,,120.254,65207.0,0.002,,,,0.269,0.0,-2260.164,-159.4949951171875,0.568,0.123,73.68928571428572,70.07238336156625
normalized_2i82H_M378.pdb,,,0.209,,,0.258,,,0.0,0.0,0.0,0.0,0.0,0.0,,2330.56,71962.0,0.032,,,,0.234,0.0,-2201.406,-169.0775909423828,0.497,0.152,84.84642857142858,80.86822091399645
normalized_2i82H_M379.pdb,,,0.079,0.0,0.0,0.129,,,0.0,0.0,0.0,0.0,0.0,0.0,,1820.99,69807.0,0.026,,,,0.166,0.0,-2607.186,-168.84144592285156,0.524,0.152,74.75785714285715,74.74528959305559
normalized_2i82H_M38.pdb,,,0.522,0.0,0.0,0.775,,,0.0,0.0,0.0,0.0,0.0,0.0,,-6310.98,68286.0,-0.092,,,,0.583,0.0,-3543.735,-167.61643981933594,0.844,0.404,55.62714285714286,55.00703191913543
normalized_2i82H_M380.pdb,,,0.074,0.0,0.0,0.149,,,0.0,0.0,0.0,0.0,0.0,0.0,,887.786,69409.0,0.013,,,,0.136,0.0,-2300.276,-167.5796661376953,0.544,0.112,73.05,72.402154472226
normalized_2i82H_M381.pdb,,,0.278,0.0,0.0,0.39,,,0.0,0.0,0.0,0.0,0.0,0.0,,101.818,72494.0,0.001,,,,0.193,0.0,-2584.908,-155.9239044189453,0.581,0.163,72.74714285714285,73.5647632348733
normalized_2i82H_M382.pdb,,,0.264,0.218,0.0,0.346,,,0.0,0.0,0.0,0.0,0.0,0.0,,1768.97,65811.0,0.027,,,,0.18,0.0,-2033.099,-162.14138793945312,0.506,0.201,79.36214285714286,79.37890194126817
normalized_2i82H_M383.pdb,,,0.0,0.0,0.0,0.0,,,0.0,0.0,0.0,0.0,0.0,0.0,,1096.15,71218.0,0.015,,,,0.14,0.0,-2299.154,-158.256103515625,0.503,0.145,75.75428571428573,72.72987603984895
normalized_2i82H_M384.pdb,,,0.236,0.436,0.0,0.149,,,0.0,0.0,0.0,0.0,0.0,0.0,,1563.12,74209.0,0.021,,,,0.175,0.0,-2876.388,-163.70875549316406,0.528,0.1,71.43428571428572,73.72057266860712
normalized_2i82H_M385.pdb,,,0.198,0.0,0.0,0.316,,,0.0,0.0,0.0,0.0,0.0,0.0,,281.48,71913.0,0.004,,,,0.219,0.0,-2349.556,-147.72015380859375,0.569,0.155,77.71214285714287,80.677010376727
normalized_2i82H_M386.pdb,,,0.221,0.0,0.0,0.346,,,0.0,0.0,0.0,0.0,0.0,0.0,,-1386.16,65829.0,-0.021,,,,0.262,0.0,-2673.336,-162.90325927734375,0.598,0.216,71.28142857142856,71.57970192705999
normalized_2i82H_M387.pdb,,,0.17,0.0,,0.258,,,0.0,0.0,0.0,0.0,0.0,0.0,,425.287,74438.0,0.006,,,,0.277,0.0,-2557.441,-174.75877380371094,0.544,0.133,71.105,75.10346629033323
normalized_2i82H_M388.pdb,,,0.0,0.0,0.0,0.0,,,0.0,0.0,0.0,0.0,0.0,0.0,,64.09,66949.0,0.001,,,,0.201,0.0,-2323.377,-170.81756591796875,0.563,0.168,72.44857142857143,77.46041219117211
normalized_2i82H_M389.pdb,,,0.139,0.0,0.0,0.231,,,0.0,0.0,0.0,0.0,0.0,0.0,,-430.92,73007.0,-0.006,,,,0.241,0.0,-2465.161,-156.05226135253906,0.536,0.151,74.04928571428572,71.94586513706895
normalized_2i82H_M39.pdb,,,0.478,0.0,0.0,0.716,,,0.0,0.0,0.0,0.0,0.0,0.0,,-5488.21,68159.0,-0.081,,,,0.429,0.0,-3331.302,-142.47767639160156,0.564,0.479,55.20857142857142,55.82472314678255
normalized_2i82H_M390.pdb,,,0.198,0.0,,0.293,,,0.0,0.0,0.0,0.0,0.0,0.0,,-627.565,68826.0,-0.009,,,,0.204,0.0,-2525.766,-154.72535705566406,0.551,0.173,70.69857142857143,71.7016462920142
normalized_2i82H_M391.pdb,,,0.07,0.0,,0.115,,,0.0,0.0,0.0,0.0,0.0,0.0,,-1527.42,71562.0,-0.021,,,,0.354,0.0,-2799.236,-162.95326232910156,0.615,0.245,77.1257142857143,75.35937545651296
normalized_2i82H_M392.pdb,,,0.209,0.0,,0.316,,,0.0,0.0,0.0,0.0,0.0,0.0,,214.37,64200.0,0.003,,,,0.229,0.0,-2634.531,-141.54046630859375,0.546,0.244,72.50999999999999,67.43761467230124
normalized_2i82H_M393.pdb,,,0.093,0.267,,0.0,,,0.0,0.0,0.0,0.0,0.0,0.0,,326.622,64954.0,0.005,,,,0.18,0.0,-2469.526,-144.50448608398438,0.568,0.195,68.98142857142857,72.45535704190613
normalized_2i82H_M394.pdb,,,0.074,0.0,0.0,0.129,,,0.0,0.0,0.0,0.0,0.0,0.0,,-639.063,63659.0,-0.01,,,,0.206,0.0,-2356.986,-147.53399658203125,0.541,0.131,81.50142857142858,82.48522375763442
normalized_2i82H_M395.pdb,,,0.236,0.0,0.0,0.346,,,0.0,0.0,0.0,0.0,0.0,0.0,,-548.681,67150.0,-0.008,,,,0.325,0.0,-2744.921,-153.05557250976562,0.572,0.224,73.84714285714286,78.53957033626368
normalized_2i82H_M396.pdb,,,0.07,0.0,0.0,0.105,,,0.0,0.0,0.0,0.0,0.0,0.0,,201.813,66469.0,0.003,,,,0.142,0.0,-1761.137,-178.28785705566406,0.527,0.19,73.83500000000001,68.75101053832007
normalized_2i82H_M397.pdb,,,0.0,0.0,,0.0,,,0.0,0.0,0.0,0.0,0.0,0.0,,1238.88,70813.0,0.017,,,,0.151,0.0,-2018.685,-144.87159729003906,0.522,0.131,80.70071428571427,81.32104026294145
normalized_2i82H_M398.pdb,,,0.301,0.0,0.0,0.456,,,0.0,0.0,0.0,0.0,0.0,0.0,,-813.964,70885.0,-0.011,,,,0.195,0.0,-2755.105,-173.87835693359375,0.611,0.181,69.9,74.20543193504457
normalized_2i82H_M399.pdb,,,0.28,0.535,,0.149,,,0.0,0.0,0.0,0.0,0.0,0.0,,26.765,65998.0,0.0,,,,0.125,0.0,-2390.003,-145.16348266601562,0.521,0.155,76.11071428571428,72.40207772802135
normalized_2i82H_M4.pdb,,,0.522,0.0,0.0,0.8,,,0.0,0.0,0.0,0.0,0.0,0.0,,-7999.45,67645.0,-0.118,,,,1.087,0.0,-4110.393,-153.6762237548828,0.941,0.873,20.186428571428575,26.12459330949627
normalized_2i82H_M40.pdb,,,0.455,0.0,0.0,0.716,,,0.0,0.0,0.0,0.0,0.0,0.0,,-7700.15,67990.0,-0.113,,,,0.732,0.0,-3874.615,-139.4456787109375,0.89,0.573,41.440714285714286,41.065797605670866
normalized_2i82H_M400.pdb,,,0.173,0.0,0.0,0.293,,,0.0,0.0,0.0,0.0,0.0,0.0,,-2393.31,68135.0,-0.035,,,,0.273,0.0,-2855.716,-157.66481018066406,0.643,0.177,68.10642857142855,69.27324161842222
normalized_2i82H_M401.pdb,,,0.074,0.0,0.0,0.149,,,0.0,0.0,0.0,0.0,0.0,0.0,,147.495,71204.0,0.002,,,,0.246,0.0,-2657.642,-136.7316436767578,0.583,0.137,69.16071428571429,67.02068422036092
normalized_2i82H_M402.pdb,,,0.198,0.0,0.0,0.293,,,0.0,0.0,0.0,0.0,0.0,0.0,,-643.1,70383.0,-0.009,,,,0.227,0.0,-2483.465,-155.4651641845703,0.593,0.201,73.76714285714287,78.47944980683873
normalized_2i82H_M403.pdb,,,0.209,0.0,0.0,0.346,,,0.0,0.0,0.0,0.0,0.0,0.0,,-461.041,67590.0,-0.007,,,,0.215,0.0,-2207.179,-167.42025756835938,0.597,0.196,71.98,72.80034465477115
normalized_2i82H_M404.pdb,,,0.085,0.0,0.0,0.129,,,0.0,0.0,0.0,0.0,0.0,0.0,,-1075.19,67737.0,-0.016,,,,0.151,0.0,-2629.09,-156.18519592285156,0.581,0.177,71.08357142857143,69.28871753254874
normalized_2i82H_M405.pdb,,,0.189,0.0,0.0,0.316,,,0.0,0.0,0.0,0.0,0.0,0.0,,-360.516,66647.0,-0.005,,,,0.099,0.0,-2620.101,-151.05636596679688,0.588,0.205,69.53857142857144,69.76328584639752
normalized_2i82H_M406.pdb,,,0.0,0.0,0.0,0.0,,,0.0,0.0,0.0,0.0,0.0,0.0,,-1289.14,68492.0,-0.019,,,,0.184,0.0,-2500.3,-146.57862854003906,0.556,0.159,71.60857142857144,70.8085087823086
normalized_2i82H_M407.pdb,,,0.132,0.0,0.0,0.211,,,0.0,0.0,0.0,0.0,0.0,0.0,,321.623,63120.0,0.005,,,,0.237,0.0,-2376.723,-156.1224365234375,0.547,0.156,76.54071428571429,78.02943094597487
normalized_2i82H_M408.pdb,,,0.0,0.0,0.0,0.0,,,0.0,0.0,0.0,0.0,0.0,0.0,,2493.23,66283.0,0.038,,,,0.11,0.0,-2198.771,-158.26181030273438,0.506,0.119,70.55071428571428,74.79940997889786
normalized_2i82H_M409.pdb,,,0.28,0.378,,0.258,,,0.0,0.0,0.0,0.0,0.0,0.0,,-1222.81,68107.0,-0.018,,,,0.188,0.0,-2647.736,-137.69522094726562,0.583,0.155,73.74428571428571,67.93017161009742
normalized_2i82H_M41.pdb,,,0.491,0.0,0.0,0.716,,,0.0,0.0,0.0,0.0,0.0,0.0,,-5892.69,68205.0,-0.086,,,,0.541,0.0,-3423.44,-162.41725158691406,0.813,0.497,53.09357142857143,54.521790832769675
normalized_2i82H_M410.pdb,,,0.147,0.189,,0.129,,,0.0,0.0,0.0,0.0,0.0,0.0,,179.251,68263.0,0.003,,,,0.196,0.0,-2239.971,-144.75083923339844,0.575,0.197,71.49428571428572,76.59066616746246
normalized_2i82H_M411.pdb,,,0.147,0.0,,0.211,,,0.0,0.0,0.0,0.0,0.0,0.0,,-80.264,68264.0,-0.001,,,,0.301,0.0,-2368.592,-155.24851989746094,0.565,0.223,71.45571428571428,74.33107730677871
normalized_2i82H_M412.pdb,,,0.264,0.0,,0.422,,,0.0,0.0,0.0,0.0,0.0,0.0,,1428.46,62212.0,0.023,,,,0.207,0.0,-2351.98,-152.16140747070312,0.52,0.173,63.908571428571435,66.5684615776187
normalized_2i82H_M413.pdb,,,0.132,0.0,0.0,0.211,,,0.0,0.0,0.0,0.0,0.0,0.0,,412.323,72711.0,0.006,,,,0.207,0.0,-2607.523,-159.2314910888672,0.537,0.136,78.93071428571427,74.99238221840781
normalized_2i82H_M414.pdb,,,0.198,0.0,0.0,0.346,,,0.0,0.0,0.0,0.0,0.0,0.0,,-622.677,72815.0,-0.009,,,,0.273,0.0,-2847.897,-175.15817260742188,0.568,0.228,68.97357142857142,71.20288887023925
normalized_2i82H_M415.pdb,,,0.236,0.267,,0.231,,,0.0,0.0,0.0,0.0,0.0,0.0,,1113.43,68585.0,0.016,,,,0.189,0.0,-2364.531,-161.41806030273438,0.533,0.155,69.15785714285714,70.40776389075108
normalized_2i82H_M416.pdb,,,0.289,0.189,0.0,0.39,,,0.0,0.0,0.0,0.0,0.0,0.0,,2002.74,70969.0,0.028,,,,0.177,0.0,-2445.95,-166.1647186279297,0.53,0.151,69.4292857142857,71.42973808538719
normalized_2i82H_M417.pdb,,,0.158,0.0,0.0,0.258,,,0.0,0.0,0.0,0.0,0.0,0.0,,-369.965,61567.0,-0.006,,,,0.188,0.0,-2360.397,-132.89537048339844,0.548,0.158,75.83428571428571,77.20885827111417
normalized_2i82H_M418.pdb,,,0.079,0.0,,0.115,,,0.0,0.0,0.0,0.0,0.0,0.0,,1237.4,66563.0,0.019,,,,0.184,0.0,-2061.541,-150.5982666015625,0.525,0.133,77.95214285714285,78.9638623659728
normalized_2i82H_M419.pdb,,,0.278,0.267,0.0,0.316,,,0.0,0.0,0.0,0.0,0.0,0.0,,-313.266,72690.0,-0.004,,,,0.143,0.0,-2698.268,-155.5623321533203,0.561,0.138,69.26142857142857,69.12470358551526
normalized_2i82H_M42.pdb,,,0.431,0.0,0.0,0.671,,,0.0,0.0,0.0,0.0,0.0,0.0,,-6628.81,68506.0,-0.097,,,,0.666,0.0,-3714.361,-158.83868408203125,0.829,0.375,46.104285714285716,44.53910404267858
normalized_2i82H_M420.pdb,,,0.085,,0.0,0.115,,,0.0,0.0,0.0,0.0,0.0,0.0,,-1057.43,68688.0,-0.015,,,,0.17,0.0,-2591.781,-129.83450317382812,0.555,0.174,75.80642857142857,78.18387875791456
normalized_2i82H_M421.pdb,,,0.132,0.0,0.0,0.211,,,0.0,0.0,0.0,0.0,0.0,0.0,,412.277,65511.0,0.006,,,,0.219,0.0,-2363.099,-173.7786102294922,0.603,0.193,65.58928571428571,70.14291042265344
normalized_2i82H_M422.pdb,,,0.236,0.218,,0.258,,,0.0,0.0,0.0,0.0,0.0,0.0,,2299.47,68583.0,0.034,,,,0.292,0.0,-2519.015,-171.64169311523438,0.54,0.125,74.5657142857143,79.85310019196058
normalized_2i82H_M423.pdb,,,0.0,0.0,0.0,0.0,,,0.0,0.0,0.0,0.0,0.0,0.0,,-198.211,63525.0,-0.003,,,,0.187,0.0,-2316.117,-152.9906768798828,0.554,0.174,73.21714285714286,74.1088140456403
normalized_2i82H_M424.pdb,,,0.132,0.378,0.0,0.115,,,0.0,0.0,0.0,0.0,0.0,0.0,,435.989,74152.0,0.006,,,,0.181,0.0,-2528.622,-150.4554901123047,0.537,0.17,78.175,79.8088852741679
normalized_2i82H_M425.pdb,,,0.079,0.0,0.0,0.129,,,0.0,0.0,0.0,0.0,0.0,0.0,,757.964,63324.0,0.012,,,,0.266,0.0,-2037.642,-171.37142944335938,0.515,0.121,70.37214285714286,72.04988884222313
normalized_2i82H_M426.pdb,,,0.33,0.218,,0.39,,,0.0,0.0,0.0,0.0,0.0,0.0,,400.086,67064.0,0.006,,,,0.159,0.0,-2479.039,-154.07899475097656,0.573,0.161,68.31714285714285,69.60095079140585
normalized_2i82H_M427.pdb,,,0.158,0.535,0.0,0.0,,,0.0,0.0,0.0,0.0,0.0,0.0,,1041.23,72114.0,0.014,,,,0.117,0.0,-2544.797,-160.15367126464844,0.534,0.171,72.32428571428571,73.83283503172827
normalized_2i82H_M428.pdb,,,0.251,0.189,0.0,0.316,,,0.0,0.0,0.0,0.0,0.0,0.0,,409.009,72734.0,0.006,,,,0.245,0.0,-2521.552,-160.10243225097656,0.568,0.142,75.8792857142857,77.89506495116188
normalized_2i82H_M429.pdb,,,0.147,0.0,0.0,0.231,,,0.0,0.0,0.0,0.0,0.0,0.0,,1646.87,65438.0,0.025,,,,0.154,0.0,-2542.92,-141.1905059814453,0.516,0.192,78.13142857142857,78.39157207676622
normalized_2i82H_M43.pdb,,,0.431,0.0,0.0,0.671,,,0.0,0.0,0.0,0.0,0.0,0.0,,-6793.96,68123.0,-0.1,,,,0.723,0.0,-3551.569,-156.391357421875,0.86,0.462,43.309999999999995,42.286736854178
normalized_2i82H_M430.pdb,,,0.17,0.0,,0.258,,,0.0,0.0,0.0,0.0,0.0,0.0,,608.302,65174.0,0.009,,,,0.202,0.0,-2075.535,-167.99424743652344,0.532,0.146,74.39357142857143,78.08049249492707
normalized_2i82H_M431.pdb,,,0.301,0.0,0.0,0.456,,,0.0,0.0,0.0,0.0,0.0,0.0,,-2047.42,74074.0,-0.028,,,,0.335,0.0,-3038.24,-150.3153533935547,0.61,0.185,72.31357142857142,76.8646056566082
normalized_2i82H_M432.pdb,,,0.301,0.0,,0.456,,,0.0,0.0,0.0,0.0,0.0,0.0,,-2525.41,71175.0,-0.035,,,,0.348,0.0,-2815.154,-139.15283203125,0.634,0.221,75.65214285714285,78.45521603568656
normalized_2i82H_M433.pdb,,,0.116,0.0,0.0,0.172,,,0.0,0.0,0.0,0.0,0.0,0.0,,-1423.07,68709.0,-0.021,,,,0.317,0.0,-2620.599,-145.86203002929688,0.557,0.154,65.4707142857143,64.99035256182562
normalized_2i82H_M434.pdb,,,0.074,0.0,0.0,0.129,,,0.0,0.0,0.0,0.0,0.0,0.0,,1475.14,66279.0,0.022,,,,0.155,0.0,-2244.067,-180.75030517578125,0.49,0.13,76.22857142857143,79.52379665062075
normalized_2i82H_M435.pdb,,,0.104,0.378,0.0,0.0,,,0.0,0.0,0.0,0.0,0.0,0.0,,-338.161,65697.0,-0.005,,,,0.15,0.0,-2432.605,-151.15975952148438,0.563,0.213,75.07214285714286,78.67853048981213
normalized_2i82H_M436.pdb,,,0.295,0.218,,0.346,,,0.0,0.0,0.0,0.0,0.0,0.0,,-1236.32,73333.0,-0.017,,,,0.25,0.0,-2902.891,-165.43470764160156,0.605,0.226,73.08142857142859,75.03250314055896
normalized_2i82H_M437.pdb,,,0.289,0.189,0.0,0.365,,,0.0,0.0,0.0,0.0,0.0,0.0,,250.39,72524.0,0.003,,,,0.179,0.0,-2403.999,-165.8976593017578,0.558,0.178,84.45928571428571,88.14059328798389
normalized_2i82H_M438.pdb,,,0.241,0.0,,0.39,,,0.0,0.0,0.0,0.0,0.0,0.0,,433.295,69622.0,0.006,,,,0.282,0.0,-2750.107,-173.9940948486328,0.565,0.156,75.84142857142857,76.66419984786238
normalized_2i82H_M439.pdb,,,0.209,0.0,0.0,0.316,,,0.0,0.0,0.0,0.0,0.0,0.0,,-168.505,73204.0,-0.002,,,,0.197,0.0,-2236.183,-163.30517578125,0.583,0.151,64.055,62.44425971234431
normalized_2i82H_M44.pdb,,,0.431,0.0,0.0,0.671,,,0.0,0.0,0.0,0.0,0.0,0.0,,-6535.18,68498.0,-0.095,,,,0.721,0.0,-3717.856,-142.4580535888672,0.844,0.487,41.29571428571429,42.76982467526295
normalized_2i82H_M440.pdb,,,0.085,0.0,0.0,0.149,,,0.0,0.0,0.0,0.0,0.0,0.0,,-224.8,67499.0,-0.003,,,,0.238,0.0,-2638.214,-169.90310668945312,0.532,0.139,68.55357142857143,68.88497922928609
normalized_2i82H_M441.pdb,,,0.221,0.378,0.0,0.149,,,0.0,0.0,0.0,0.0,0.0,0.0,,1496.42,72315.0,0.021,,,,0.156,0.0,-2628.334,-171.50013732910156,0.488,0.122,72.45928571428571,73.87580428201643
normalized_2i82H_M442.pdb,,,0.251,0.0,0.0,0.39,,,0.0,0.0,0.0,0.0,0.0,0.0,,-436.285,75088.0,-0.006,,,,0.339,0.0,-2764.941,-163.52793884277344,0.596,0.144,72.13571428571429,78.45944999944967
normalized_2i82H_M443.pdb,,,0.189,0.267,0.0,0.183,,,0.0,0.0,0.0,0.0,0.0,0.0,,1056.75,71267.0,0.015,,,,0.215,0.0,-2614.229,-143.90689086914062,0.561,0.215,71.14571428571428,69.36354450788653
normalized_2i82H_M444.pdb,,,0.093,,0.0,0.149,,,0.0,0.0,0.0,0.0,0.0,0.0,,2035.69,70717.0,0.029,,,,0.125,0.0,-2494.19,-150.55812072753906,0.541,0.174,77.41714285714286,80.42099632513327
normalized_2i82H_M445.pdb,,,0.147,0.0,0.0,0.211,,,0.0,0.0,0.0,0.0,0.0,0.0,,323.247,68275.0,0.005,,,,0.182,0.0,-2194.483,-143.6737060546875,0.532,0.133,69.32,70.47798906545171
normalized_2i82H_M446.pdb,,,0.085,0.0,0.0,0.149,,,0.0,0.0,0.0,0.0,0.0,0.0,,1740.1,68503.0,0.025,,,,0.117,0.0,-2209.337,-155.4579620361328,0.412,0.168,73.44714285714286,72.00006339276423
normalized_2i82H_M447.pdb,,,0.315,0.267,0.0,0.387,,,0.0,0.0,0.0,0.0,0.0,0.0,,-143.657,68585.0,-0.002,,,,0.185,0.0,-2214.172,-154.99607849121094,0.552,0.164,68.50785714285715,74.64510828862424
normalized_2i82H_M448.pdb,,,0.209,0.378,0.0,0.231,,,0.0,0.0,0.0,0.0,0.0,0.0,,1991.83,72320.0,0.028,,,,0.207,0.0,-2435.943,-157.605712890625,0.525,0.176,71.67357142857142,73.65108903353331
normalized_2i82H_M449.pdb,,,0.264,0.218,0.0,0.316,,,0.0,0.0,0.0,0.0,0.0,0.0,,-636.93,68615.0,-0.009,,,,0.24,0.0,-2573.463,-164.1300506591797,0.562,0.202,75.98214285714286,81.03788879269459
normalized_2i82H_M45.pdb,,,0.491,0.0,0.0,0.716,,,0.0,0.0,0.0,0.0,0.0,0.0,,-6655.53,68012.0,-0.098,,,,0.576,0.0,-3630.358,-150.37060546875,0.856,0.569,40.69857142857143,39.54614688685684
normalized_2i82H_M450.pdb,,,0.221,0.0,0.0,0.346,,,0.0,0.0,0.0,0.0,0.0,0.0,,-1392.01,67895.0,-0.021,,,,0.211,0.0,-2693.321,-171.67271423339844,0.586,0.174,72.95,72.73717090419082
normalized_2i82H_M451.pdb,,,0.139,0.0,0.0,0.211,,,0.0,0.0,0.0,0.0,0.0,0.0,,-739.634,68960.0,-0.011,,,,0.292,0.0,-2443.414,-163.52415466308594,0.587,0.186,75.06285714285714,75.44313382633396
normalized_2i82H_M452.pdb,,,0.085,0.0,0.0,0.183,,,0.0,0.0,0.0,0.0,0.0,0.0,,62.051,72986.0,0.001,,,,0.145,0.0,-2388.487,-157.84629821777344,0.548,0.157,69.51714285714286,70.20484698561371
normalized_2i82H_M453.pdb,,,0.189,0.0,0.0,0.346,,,0.0,0.0,0.0,0.0,0.0,0.0,,-1347.24,67726.0,-0.02,,,,0.289,0.0,-2474.521,-161.558837890625,0.579,0.129,76.67214285714284,73.53965948761487
normalized_2i82H_M454.pdb,,,0.209,0.267,0.0,0.231,,,0.0,0.0,0.0,0.0,0.0,0.0,,1305.35,68113.0,0.019,,,,0.204,0.0,-2701.074,-157.9482879638672,0.313,0.135,72.10285714285715,74.92595529399935
normalized_2i82H_M455.pdb,,,0.139,0.0,,0.211,,,0.0,0.0,0.0,0.0,0.0,0.0,,1423.63,71358.0,0.02,,,,0.168,0.0,-2460.676,-142.11399841308594,0.509,0.112,70.11142857142859,70.8956334911409
normalized_2i82H_M456.pdb,,,0.079,0.218,0.0,0.0,,,0.0,0.0,0.0,0.0,0.0,0.0,,-296.504,68346.0,-0.004,,,,0.13,0.0,-2576.866,-144.96652221679688,0.587,0.153,71.76357142857142,75.08550595768163
normalized_2i82H_M457.pdb,,,0.255,0.0,,0.346,,,0.0,0.0,0.0,0.0,0.0,0.0,,-377.197,68345.0,-0.006,,,,0.173,0.0,-2319.423,-152.50369262695312,0.553,0.225,76.29428571428572,77.96623772167769
normalized_2i82H_M458.pdb,,,0.241,0.0,0.0,0.39,,,0.0,0.0,0.0,0.0,0.0,0.0,,-1364.26,70273.0,-0.019,,,,0.289,0.0,-2694.195,-154.29246520996094,0.609,0.224,75.05071428571428,71.80363201078822
normalized_2i82H_M459.pdb,,,0.139,0.218,0.0,0.149,,,0.0,0.0,0.0,0.0,0.0,0.0,,174.726,69251.0,0.003,,,,0.187,0.0,-2273.904,-164.47747802734375,0.552,0.128,72.36857142857143,74.16954109942326
normalized_2i82H_M46.pdb,,,0.466,0.0,0.0,0.69,,,0.0,0.0,0.0,0.0,0.0,0.0,,-6524.93,67936.0,-0.096,,,,0.548,0.0,-3506.44,-145.33346557617188,0.844,0.462,43.19499999999999,44.10502951575107
normalized_2i82H_M460.pdb,,,0.147,,0.0,0.195,,,0.0,0.0,0.0,0.0,0.0,0.0,,-348.327,69340.0,-0.005,,,,0.229,0.0,-2442.337,-167.308349609375,0.527,0.097,76.16714285714285,75.0678104775851
normalized_2i82H_M461.pdb,,,0.236,0.0,0.0,0.346,,,0.0,0.0,0.0,0.0,0.0,0.0,,-264.076,69873.0,-0.004,,,,0.225,0.0,-2802.703,-154.49020385742188,0.55,0.106,71.05,68.57584122829749
normalized_2i82H_M462.pdb,,,0.221,0.0,0.0,0.316,,,0.0,0.0,0.0,0.0,0.0,0.0,,-1173.75,72715.0,-0.016,,,,0.202,0.0,-2553.058,-170.4798583984375,0.602,0.209,68.77142857142857,71.359327366313
normalized_2i82H_M463.pdb,,,0.189,0.0,0.0,0.293,,,0.0,0.0,0.0,0.0,0.0,0.0,,-835.171,72547.0,-0.012,,,,0.212,0.0,-2719.649,-156.91893005371094,0.614,0.182,68.935,73.90510445891834
normalized_2i82H_M464.pdb,,,0.139,0.0,0.0,0.231,,,0.0,0.0,0.0,0.0,0.0,0.0,,1139.97,69753.0,0.016,,,,0.185,0.0,-2425.409,-163.07969665527344,0.515,0.126,72.54142857142857,70.84235076278938
normalized_2i82H_M465.pdb,,,0.301,0.0,0.0,0.456,,,0.0,0.0,0.0,0.0,0.0,0.0,,-1118.16,72850.0,-0.015,,,,0.225,0.0,-2803.596,-154.1746063232422,0.571,0.174,73.00857142857143,73.93473897840155
normalized_2i82H_M466.pdb,,,0.198,0.0,0.0,0.316,,,0.0,0.0,0.0,0.0,0.0,0.0,,117.721,67452.0,0.002,,,,0.12,0.0,-2370.104,-154.85711669921875,0.553,0.124,76.11928571428571,73.95528087303288
normalized_2i82H_M467.pdb,,,0.0,,0.0,0.0,,,0.0,0.0,0.0,0.0,0.0,0.0,,376.888,68703.0,0.005,,,,0.189,0.0,-2655.838,-151.63848876953125,0.531,0.188,76.07714285714286,77.95935920965476
normalized_2i82H_M468.pdb,,,0.33,0.218,0.0,0.422,,,0.0,0.0,0.0,0.0,0.0,0.0,,24.775,68221.0,0.0,,,,0.204,0.0,-2304.883,-134.99842834472656,0.551,0.132,80.70214285714285,81.12535303459792
normalized_2i82H_M469.pdb,,,0.278,0.0,0.0,0.39,,,0.0,0.0,0.0,0.0,0.0,0.0,,-1496.0,70331.0,-0.021,,,,0.267,0.0,-2820.433,-160.3050079345703,0.591,0.149,74.09071428571428,70.64634340004844
normalized_2i82H_M47.pdb,,,0.466,0.0,0.0,0.716,,,0.0,0.0,0.0,0.0,0.0,0.0,,-6284.55,67416.0,-0.093,,,,0.565,0.0,-3361.392,-151.34141540527344,0.83,0.435,48.255714285714284,47.531122007526335
normalized_2i82H_M470.pdb,,,0.158,0.267,0.0,0.149,,,0.0,0.0,0.0,0.0,0.0,0.0,,197.596,70045.0,0.003,,,,0.193,0.0,-2793.839,-138.40768432617188,0.588,0.147,71.55285714285714,71.99927890339835
normalized_2i82H_M471.pdb,,,0.158,0.0,,0.258,,,0.0,0.0,0.0,0.0,0.0,0.0,,91.204,70168.0,0.001,,,,0.229,0.0,-2265.317,-150.78057861328125,0.531,0.094,71.71785714285714,74.76812768529673
normalized_2i82H_M472.pdb,,,0.126,0.0,0.0,0.211,,,0.0,0.0,0.0,0.0,0.0,0.0,,-505.1,71602.0,-0.007,,,,0.272,0.0,-2489.073,-163.73880004882812,0.561,0.187,71.14285714285714,71.2335310076104
normalized_2i82H_M473.pdb,,,0.093,0.0,,0.129,,,0.0,0.0,0.0,0.0,0.0,0.0,,3627.13,68852.0,0.053,,,,0.099,0.0,-2113.013,-159.95838928222656,0.423,0.125,78.35785714285714,84.90604363738512
normalized_2i82H_M474.pdb,,,0.147,0.0,0.0,0.231,,,0.0,0.0,0.0,0.0,0.0,0.0,,364.199,69991.0,0.005,,,,0.256,0.0,-2388.473,-153.8304901123047,0.524,0.126,73.64642857142857,74.95411802823426
normalized_2i82H_M475.pdb,,,0.074,,0.0,0.115,,,0.0,0.0,0.0,0.0,0.0,0.0,,5.74,72402.0,0.0,,,,0.192,0.0,-2349.148,-154.48353576660156,0.541,0.155,83.00571428571428,85.41681082678623
normalized_2i82H_M476.pdb,,,0.0,0.0,0.0,0.0,,,0.0,0.0,0.0,0.0,0.0,0.0,,628.583,68744.0,0.009,,,,0.203,0.0,-1958.049,-163.16888427734375,0.542,0.145,77.15357142857142,78.90907384528488
normalized_2i82H_M477.pdb,,,0.189,0.0,0.0,0.346,,,0.0,0.0,0.0,0.0,0.0,0.0,,207.365,74031.0,0.003,,,,0.16,0.0,-2673.576,-160.06890869140625,0.549,0.134,62.175714285714285,64.49239172388296
normalized_2i82H_M478.pdb,,,0.209,0.0,0.0,0.316,,,0.0,0.0,0.0,0.0,0.0,0.0,,834.567,67569.0,0.012,,,,0.259,0.0,-2482.5,-153.08331298828125,0.537,0.151,69.07285714285715,71.90625612227643
normalized_2i82H_M479.pdb,,,0.255,,0.0,0.346,,,0.0,0.0,0.0,0.0,0.0,0.0,,-1743.65,71887.0,-0.024,,,,0.188,0.0,-2670.854,-160.63662719726562,0.546,0.145,78.61714285714287,72.67710344283307
normalized_2i82H_M48.pdb,,,0.489,0.0,0.0,0.733,,,0.0,0.0,0.0,0.0,0.0,0.0,,-6773.11,68062.0,-0.1,,,,0.709,0.0,-3763.897,-146.8362274169922,0.848,0.509,47.214285714285715,46.891942515138716
normalized_2i82H_M480.pdb,,,0.085,0.0,0.0,0.149,,,0.0,0.0,0.0,0.0,0.0,0.0,,3356.27,61701.0,0.054,,,,0.151,0.0,-2125.21,-139.6459197998047,0.438,0.124,76.17714285714285,74.44411979425149
normalized_2i82H_M481.pdb,,,0.07,0.0,0.0,0.115,,,0.0,0.0,0.0,0.0,0.0,0.0,,527.078,69750.0,0.008,,,,0.326,0.0,-2673.875,-162.44256591796875,0.584,0.165,66.52071428571429,71.30464555709088
normalized_2i82H_M482.pdb,,,0.241,0.0,,0.365,,,0.0,0.0,0.0,0.0,0.0,0.0,,101.987,71737.0,0.001,,,,0.258,0.0,-2638.851,-136.07904052734375,0.596,0.254,77.97428571428571,78.4105076586614
normalized_2i82H_M483.pdb,,,0.079,0.0,0.0,0.129,,,0.0,0.0,0.0,0.0,0.0,0.0,,440.553,64165.0,0.007,,,,0.113,0.0,-2502.302,-143.47720336914062,0.552,0.208,76.73500000000001,75.06346501209697
normalized_2i82H_M484.pdb,,,0.209,0.0,0.0,0.293,,,0.0,0.0,0.0,0.0,0.0,0.0,,1125.91,67347.0,0.017,,,,0.206,0.0,-2264.468,-149.324951171875,0.515,0.144,73.37142857142857,72.98674264501352
normalized_2i82H_M485.pdb,,,0.085,0.0,0.0,0.149,,,0.0,0.0,0.0,0.0,0.0,0.0,,-1132.24,66410.0,-0.017,,,,0.224,0.0,-2484.231,-164.48828125,0.539,0.116,73.62357142857142,78.26979113094141
normalized_2i82H_M486.pdb,,,0.085,0.0,0.0,0.149,,,0.0,0.0,0.0,0.0,0.0,0.0,,196.573,70018.0,0.003,,,,0.322,0.0,-2416.559,-148.26275634765625,0.541,0.14,73.93857142857144,76.3236946043421
normalized_2i82H_M487.pdb,,,0.085,0.0,,0.115,,,0.0,0.0,0.0,0.0,0.0,0.0,,-492.283,69122.0,-0.007,,,,0.168,0.0,-2697.753,-156.76809692382812,0.571,0.159,74.60928571428572,70.49722416987184
normalized_2i82H_M488.pdb,,,0.278,0.218,,0.316,,,0.0,0.0,0.0,0.0,0.0,0.0,,249.925,74655.0,0.003,,,,0.266,0.0,-2733.768,-159.02789306640625,0.563,0.121,74.12857142857143,75.49175170523223
normalized_2i82H_M489.pdb,,,0.187,,,0.231,,,0.0,0.0,0.0,0.0,0.0,0.0,,2859.81,65397.0,0.044,,,,0.143,0.0,-2351.276,-169.58251953125,0.496,0.129,70.34142857142857,71.1625777885562
normalized_2i82H_M49.pdb,,,0.365,0.0,0.0,0.572,,,0.0,0.0,0.0,0.0,0.0,0.0,,-5683.29,67340.0,-0.084,,,,0.427,0.0,-3268.88,-142.21713256835938,0.606,0.435,51.53785714285714,52.514292601288346
normalized_2i82H_M490.pdb,,,0.17,0.0,,0.231,,,0.0,0.0,0.0,0.0,0.0,0.0,,-1706.8,71598.0,-0.024,,,,0.286,0.0,-2768.723,-156.10552978515625,0.604,0.158,73.54928571428573,75.83855508898127
normalized_2i82H_M491.pdb,,,0.079,,0.0,0.115,,,0.0,0.0,0.0,0.0,0.0,0.0,,710.96,74485.0,0.01,,,,0.185,0.0,-2213.732,-189.04788208007807,0.517,0.196,79.75571428571428,77.41440256462724
normalized_2i82H_M492.pdb,,,0.07,0.0,0.0,0.129,,,0.0,0.0,0.0,0.0,0.0,0.0,,-94.166,66563.0,-0.001,,,,0.3,0.0,-2570.56,-157.4877471923828,0.595,0.213,79.17714285714285,80.29128291020628
normalized_2i82H_M493.pdb,,,0.17,0.0,,0.258,,,0.0,0.0,0.0,0.0,0.0,0.0,,1241.65,64401.0,0.019,,,,0.176,0.0,-2640.172,-143.88380432128906,0.515,0.224,73.77571428571427,69.69768300916328
normalized_2i82H_M494.pdb,,,0.079,,0.0,0.105,,,0.0,0.0,0.0,0.0,0.0,0.0,,3558.8,71380.0,0.05,,,,0.113,0.0,-1896.777,-180.1039276123047,0.47,0.105,75.78999999999999,82.664300605899
normalized_2i82H_M495.pdb,,,0.255,0.0,0.0,0.387,,,0.0,0.0,0.0,0.0,0.0,0.0,,1006.02,65892.0,0.015,,,,0.15,0.0,-2440.386,-151.87136840820312,0.522,0.166,81.11428571428571,78.87535576116844
normalized_2i82H_M496.pdb,,,0.079,0.0,,0.115,,,0.0,0.0,0.0,0.0,0.0,0.0,,1728.22,67700.0,0.026,,,,0.181,0.0,-2356.746,-151.18946838378906,0.476,0.179,78.15214285714285,75.3914207145816
normalized_2i82H_M497.pdb,,,0.0,,0.0,0.0,,,0.0,0.0,0.0,0.0,0.0,0.0,,775.917,72968.0,0.011,,,,0.198,0.0,-2236.517,-156.066162109375,0.518,0.182,81.19785714285715,83.45870974806489
normalized_2i82H_M498.pdb,,,0.093,0.267,,0.0,,,0.0,0.0,0.0,0.0,0.0,0.0,,-72.748,66565.0,-0.001,,,,0.189,0.0,-2408.116,-153.75491333007812,0.545,0.164,76.40142857142858,79.08083202799813
normalized_2i82H_M499.pdb,,,0.314,0.267,0.0,0.365,,,0.0,0.0,0.0,0.0,0.0,0.0,,-1097.17,68520.0,-0.016,,,,0.115,0.0,-2437.022,-167.114501953125,0.557,0.15,72.11714285714287,74.657588239576
normalized_2i82H_M5.pdb,,,0.489,0.0,0.0,0.759,,,0.0,0.0,0.0,0.0,0.0,0.0,,-8079.11,67742.0,-0.119,,,,1.119,0.0,-4173.09,-153.69992065429688,0.941,0.851,20.457142857142856,26.111170690567768
normalized_2i82H_M50.pdb,,,0.466,0.0,0.0,0.716,,,0.0,0.0,0.0,0.0,0.0,0.0,,-6920.47,68182.0,-0.102,,,,0.582,0.0,-3768.663,-154.81980895996094,0.873,0.549,43.856428571428566,49.555512418903284
normalized_2i82H_M500.pdb,,,0.0,0.0,0.0,0.0,,,0.0,0.0,0.0,0.0,0.0,0.0,,607.737,65910.0,0.009,,,,0.19,0.0,-2444.608,-164.34426879882812,0.55,0.142,68.02285714285715,68.00822990917767
normalized_2i82H_M51.pdb,,,0.393,0.0,0.0,0.596,,,0.0,0.0,0.0,0.0,0.0,0.0,,-5573.31,68508.0,-0.081,,,,0.559,0.0,-3587.545,-155.92608642578125,0.818,0.462,47.53,47.564036703891446
normalized_2i82H_M52.pdb,,,0.365,0.0,0.0,0.572,,,0.0,0.0,0.0,0.0,0.0,0.0,,-5976.98,67830.0,-0.088,,,,0.547,0.0,-3461.461,-140.8800506591797,0.809,0.509,53.88428571428572,52.97637820009326
normalized_2i82H_M53.pdb,,,0.489,0.0,0.0,0.733,,,0.0,0.0,0.0,0.0,0.0,0.0,,-6626.17,67429.0,-0.098,,,,0.641,0.0,-3576.971,-138.57313537597656,0.843,0.355,59.54928571428571,65.8174653913154
normalized_2i82H_M54.pdb,,,0.466,0.0,0.0,0.69,,,0.0,0.0,0.0,0.0,0.0,0.0,,-6296.52,67673.0,-0.093,,,,0.672,0.0,-3548.271,-144.1797332763672,0.824,0.414,51.26928571428572,50.658403671764944
normalized_2i82H_M55.pdb,,,0.344,0.0,0.0,0.522,,,0.0,0.0,0.0,0.0,0.0,0.0,,-5806.78,68175.0,-0.085,,,,0.454,0.0,-3524.01,-157.30809020996094,0.803,0.425,46.61785714285715,53.124177707609576
normalized_2i82H_M56.pdb,,,0.442,0.0,0.0,0.671,,,0.0,0.0,0.0,0.0,0.0,0.0,,-6118.35,67059.0,-0.091,,,,0.656,0.0,-3541.094,-141.2487030029297,0.833,0.456,57.379285714285714,59.75485651610327
normalized_2i82H_M57.pdb,,,0.393,0.0,0.0,0.623,,,0.0,0.0,0.0,0.0,0.0,0.0,,-5977.58,68310.0,-0.088,,,,0.654,0.0,-3536.372,-152.8050994873047,0.828,0.419,56.04357142857143,57.472900659529884
normalized_2i82H_M58.pdb,,,0.491,0.0,0.0,0.716,,,0.0,0.0,0.0,0.0,0.0,0.0,,-6407.49,68359.0,-0.094,,,,0.653,0.0,-3631.69,-144.62863159179688,0.853,0.488,50.38214285714286,51.09048408758445
normalized_2i82H_M59.pdb,,,0.546,0.0,0.0,0.828,,,0.0,0.0,0.0,0.0,0.0,0.0,,-7067.98,67664.0,-0.104,,,,0.746,0.0,-3796.876,-155.85421752929688,0.852,0.529,54.11785714285714,56.154688181642626
normalized_2i82H_M6.pdb,,,0.489,0.0,0.0,0.759,,,0.0,0.0,0.0,0.0,0.0,0.0,,-7893.65,67614.0,-0.117,,,,1.161,0.0,-4124.074,-156.30035400390625,0.941,0.873,20.220000000000002,26.272197366933355
normalized_2i82H_M60.pdb,,,0.513,0.0,0.0,0.788,,,0.0,0.0,0.0,0.0,0.0,0.0,,-6025.93,69566.0,-0.087,,,,0.692,0.0,-3559.267,-155.68223571777344,0.807,0.413,49.410714285714285,51.6449315118008
normalized_2i82H_M61.pdb,,,0.466,0.0,0.0,0.716,,,0.0,0.0,0.0,0.0,0.0,0.0,,-6310.54,67796.0,-0.093,,,,0.687,0.0,-3502.884,-156.71156311035156,0.835,0.529,49.33,52.04742853758765
normalized_2i82H_M62.pdb,,,0.478,0.0,0.0,0.716,,,0.0,0.0,0.0,0.0,0.0,0.0,,-6471.35,67015.0,-0.097,,,,0.443,0.0,-3493.848,-135.9975128173828,0.795,0.356,60.33857142857143,62.03149528503418
normalized_2i82H_M63.pdb,,,0.478,0.0,0.0,0.745,,,0.0,0.0,0.0,0.0,0.0,0.0,,-6445.8,68334.0,-0.094,,,,0.783,0.0,-3685.411,-148.0148468017578,0.816,0.422,50.31285714285715,51.2025291130191
normalized_2i82H_M64.pdb,,,0.303,0.0,0.0,0.49,,,0.0,0.0,0.0,0.0,0.0,0.0,,-6038.28,68497.0,-0.088,,,,0.673,0.0,-3509.12,-147.8302459716797,0.807,0.449,63.23071428571428,66.16385045911444
normalized_2i82H_M65.pdb,,,0.501,0.0,0.0,0.759,,,0.0,0.0,0.0,0.0,0.0,0.0,,-6192.45,67787.0,-0.091,,,,0.65,0.0,-3432.531,-147.01124572753906,0.819,0.405,54.78142857142857,59.397218491601166
normalized_2i82H_M66.pdb,,,0.455,0.286,0.0,0.573,,,0.0,0.0,0.0,0.0,0.0,0.0,,-6139.75,67621.0,-0.091,,,,0.496,0.0,-3420.24,-147.66781616210938,0.819,0.461,54.60714285714286,53.459089241653196
normalized_2i82H_M67.pdb,,,0.442,0.0,0.0,0.671,,,0.0,0.0,0.0,0.0,0.0,0.0,,-5509.05,68020.0,-0.081,,,,0.553,0.0,-3301.142,-152.64183044433594,0.834,0.469,39.198571428571434,45.223274937614065
normalized_2i82H_M68.pdb,,,0.383,0.0,0.0,0.623,,,0.0,0.0,0.0,0.0,0.0,0.0,,-5358.35,68582.0,-0.078,,,,0.423,0.0,-3337.136,-148.94630432128906,0.808,0.316,59.00214285714285,54.37467036638103
normalized_2i82H_M69.pdb,,,0.393,0.0,0.0,0.596,,,0.0,0.0,0.0,0.0,0.0,0.0,,-6052.44,66329.0,-0.091,,,,0.511,0.0,-3306.044,-148.11099243164062,0.792,0.436,56.261428571428574,59.17301022263823
normalized_2i82H_M7.pdb,,,0.501,0.0,0.0,0.759,,,0.0,0.0,0.0,0.0,0.0,0.0,,-7988.52,67937.0,-0.118,,,,1.137,0.0,-4104.528,-152.77960205078125,0.937,0.9,19.89714285714286,25.44927338772133
normalized_2i82H_M70.pdb,,,0.417,0.0,0.0,0.623,,,0.0,0.0,0.0,0.0,0.0,0.0,,-6136.71,67871.0,-0.09,,,,0.514,0.0,-3550.35,-146.10263061523438,0.817,0.483,62.91142857142856,64.05137033306184
normalized_2i82H_M71.pdb,,,0.442,0.0,0.0,0.671,,,0.0,0.0,0.0,0.0,0.0,0.0,,-5777.19,67715.0,-0.085,,,,0.674,0.0,-3471.628,-153.28724670410156,0.822,0.506,54.09714285714286,59.92879936968694
normalized_2i82H_M72.pdb,,,0.442,0.0,0.0,0.671,,,0.0,0.0,0.0,0.0,0.0,0.0,,-6291.39,66927.0,-0.094,,,,0.453,0.0,-3515.278,-144.59910583496094,0.803,0.41,57.12857142857142,59.82797114262816
normalized_2i82H_M73.pdb,,,0.431,0.0,0.0,0.671,,,0.0,0.0,0.0,0.0,0.0,0.0,,-5641.59,67909.0,-0.083,,,,0.514,0.0,-3225.832,-147.69053649902344,0.782,0.406,59.92428571428572,58.62224508191718
normalized_2i82H_M74.pdb,,,0.295,0.0,0.0,0.467,,,0.0,0.0,0.0,0.0,0.0,0.0,,-5834.82,69292.0,-0.084,,,,0.427,0.0,-3378.474,-151.4261932373047,0.772,0.394,52.56928571428572,51.10654188687684
normalized_2i82H_M75.pdb,,,0.354,0.0,0.0,0.545,,,0.0,0.0,0.0,0.0,0.0,0.0,,-6106.96,67781.0,-0.09,,,,0.542,0.0,-3319.853,-153.95396423339844,0.789,0.396,65.79357142857144,67.06912716099474
normalized_2i82H_M76.pdb,,,0.323,0.0,0.0,0.516,,,0.0,0.0,0.0,0.0,0.0,0.0,,-3869.77,67933.0,-0.057,,,,0.363,0.0,-2852.479,-145.43701171875,0.742,0.36,62.18428571428571,66.04388856106117
normalized_2i82H_M77.pdb,,,0.323,0.0,0.0,0.516,,,0.0,0.0,0.0,0.0,0.0,0.0,,-5275.89,69707.0,-0.076,,,,0.421,0.0,-3347.547,-161.075439453125,0.739,0.248,62.975,69.07151284765024
normalized_2i82H_M78.pdb,,,0.455,0.0,0.0,0.671,,,0.0,0.0,0.0,0.0,0.0,0.0,,-5020.99,69526.0,-0.072,,,,0.531,0.0,-3349.862,-144.6619873046875,0.773,0.428,52.59642857142857,54.949359312213836
normalized_2i82H_M79.pdb,,,0.478,0.154,0.0,0.671,,,0.0,0.0,0.0,0.0,0.0,0.0,,-5190.93,68839.0,-0.075,,,,0.521,0.0,-3325.317,-153.71035766601562,0.768,0.281,60.68999999999999,60.55727814846351
normalized_2i82H_M8.pdb,,,0.501,0.0,0.0,0.759,,,0.0,0.0,0.0,0.0,0.0,0.0,,-7984.31,68212.0,-0.117,,,,1.144,0.0,-4193.098,-152.5323028564453,0.944,0.835,22.184285714285714,28.84182287122383
normalized_2i82H_M80.pdb,,,0.417,0.0,0.0,0.623,,,0.0,0.0,0.0,0.0,0.0,0.0,,-5457.59,67639.0,-0.081,,,,0.35,0.0,-3298.719,-146.30052185058594,0.759,0.302,57.517857142857146,59.537857599727445
normalized_2i82H_M81.pdb,,,0.485,0.218,0.0,0.623,,,0.0,0.0,0.0,0.0,0.0,0.0,,-4765.81,67019.0,-0.071,,,,0.432,0.0,-3083.616,-156.98513793945312,0.744,0.42,50.027142857142856,54.62232073799508
normalized_2i82H_M82.pdb,,,0.39,0.0,,0.572,,,0.0,0.0,0.0,0.0,0.0,0.0,,-4980.71,67440.0,-0.074,,,,0.372,0.0,-3138.797,-140.59255981445312,0.779,0.326,53.29642857142857,57.0899573341745
normalized_2i82H_M83.pdb,,,0.442,0.0,0.0,0.671,,,0.0,0.0,0.0,0.0,0.0,0.0,,-4685.07,68161.0,-0.069,,,,0.506,0.0,-3352.575,-162.11660766601562,0.765,0.395,58.91357142857142,61.200658523059275
normalized_2i82H_M84.pdb,,,0.377,0.0,0.0,0.572,,,0.0,0.0,0.0,0.0,0.0,0.0,,-4675.07,66207.0,-0.071,,,,0.34,0.0,-3169.884,-138.52560424804688,0.739,0.403,46.635,51.17427084875889
normalized_2i82H_M85.pdb,,,0.323,0.0,0.0,0.49,,,0.0,0.0,0.0,0.0,0.0,0.0,,-5113.51,68554.0,-0.075,,,,0.476,0.0,-3445.649,-145.19757080078125,0.782,0.427,58.76714285714286,56.48773753056761
normalized_2i82H_M86.pdb,,,0.301,0.0,0.0,0.456,,,0.0,0.0,0.0,0.0,0.0,0.0,,-4095.89,68469.0,-0.06,,,,0.33,0.0,-2840.977,-165.23214721679688,0.726,0.307,64.28714285714285,66.03009245200235
normalized_2i82H_M87.pdb,,,0.354,0.0,0.0,0.572,,,0.0,0.0,0.0,0.0,0.0,0.0,,-5360.35,70925.0,-0.076,,,,0.455,0.0,-3435.546,-153.97500610351562,0.78,0.33,59.06999999999999,56.63602743305143
normalized_2i82H_M88.pdb,,,0.377,0.0,0.0,0.572,,,0.0,0.0,0.0,0.0,0.0,0.0,,-4467.15,69082.0,-0.065,,,,0.395,0.0,-3231.655,-160.00584411621094,0.722,0.24,57.71857142857143,58.28299257247175
normalized_2i82H_M89.pdb,,,0.365,0.0,0.0,0.572,,,0.0,0.0,0.0,0.0,0.0,0.0,,-5816.85,67476.0,-0.086,,,,0.407,0.0,-3369.567,-131.44827270507812,0.774,0.347,62.263571428571424,65.98908065420683
normalized_2i82H_M9.pdb,,,0.42,0.0,0.0,0.671,,,0.0,0.0,0.0,0.0,0.0,0.0,,-7573.8,67753.0,-0.112,,,,0.973,0.0,-3893.527,-150.19650268554688,0.925,0.824,21.319999999999993,26.955729243794423
normalized_2i82H_M90.pdb,,,0.264,0.0,,0.39,,,0.0,0.0,0.0,0.0,0.0,0.0,,-4632.71,67168.0,-0.069,,,,0.329,0.0,-3124.209,-157.50534057617188,0.734,0.258,63.716428571428565,68.22788327951902
normalized_2i82H_M91.pdb,,,0.269,0.0,0.0,0.408,,,0.0,0.0,0.0,0.0,0.0,0.0,,-4359.11,69394.0,-0.063,,,,0.41,0.0,-2990.23,-158.22018432617188,0.749,0.377,62.07142857142857,60.18376264103123
normalized_2i82H_M92.pdb,,,0.405,0.0,0.0,0.623,,,0.0,0.0,0.0,0.0,0.0,0.0,,-4623.35,67178.0,-0.069,,,,0.421,0.0,-3122.519,-156.10189819335938,0.749,0.366,57.393571428571434,60.21869865167337
normalized_2i82H_M93.pdb,,,0.365,0.0,0.0,0.572,,,0.0,0.0,0.0,0.0,0.0,0.0,,-5191.91,68313.0,-0.076,,,,0.492,0.0,-3514.239,-150.1883544921875,0.76,0.412,61.667857142857144,61.71561823985616
normalized_2i82H_M94.pdb,,,0.393,0.154,0.0,0.545,,,0.0,0.0,0.0,0.0,0.0,0.0,,-5277.06,67273.0,-0.078,,,,0.423,0.0,-3300.024,-142.14149475097656,0.749,0.325,63.20071428571429,64.37138294782795
normalized_2i82H_M95.pdb,,,0.377,0.0,0.0,0.572,,,0.0,0.0,0.0,0.0,0.0,0.0,,-4915.3,67212.0,-0.073,,,,0.35,0.0,-2960.581,-147.2022705078125,0.756,0.327,61.878571428571426,61.33188095718134
normalized_2i82H_M96.pdb,,,0.455,0.0,0.0,0.701,,,0.0,0.0,0.0,0.0,0.0,0.0,,-6138.1,68154.0,-0.09,,,,0.381,0.0,-3407.307,-155.36573791503906,0.591,0.269,60.212142857142865,61.74476085100018
normalized_2i82H_M97.pdb,,,0.377,0.0,,0.545,,,0.0,0.0,0.0,0.0,0.0,0.0,,-4180.62,68824.0,-0.061,,,,0.382,0.0,-3303.906,-149.96734619140625,0.578,0.374,62.03214285714286,63.31509269964499
normalized_2i82H_M98.pdb,,,0.347,0.218,0.0,0.456,,,0.0,0.0,0.0,0.0,0.0,0.0,,-4190.54,70953.0,-0.059,,,,0.34,0.0,-3004.78,-163.24884033203125,0.69,0.339,66.675,69.6513867550209
normalized_2i82H_M99.pdb,,,0.269,0.0,0.0,0.43,,,0.0,0.0,0.0,0.0,0.0,0.0,,-4483.33,69847.0,-0.064,,,,0.381,0.0,-3125.391,-152.4380340576172,0.731,0.347,69.22857142857143,68.08242837249256
normalized_2i82H.pdb,,,,,,,,,,,,,,,,,,,,,,,,,,1.0,1.0,,21.93723837000723
